Date/Time,Energy Produced (Wh)
2015-07-08 00:00:00 -0700,10329
2015-07-09 00:00:00 -0700,6123
2015-07-10 00:00:00 -0700,8578
2015-07-11 00:00:00 -0700,19995
2015-07-12 00:00:00 -0700,18838
2015-07-13 00:00:00 -0700,19722
2015-07-14 00:00:00 -0700,16363
2015-07-15 00:00:00 -0700,20524
2015-07-16 00:00:00 -0700,20511
2015-07-17 00:00:00 -0700,20155
2015-07-18 00:00:00 -0700,20633
2015-07-19 00:00:00 -0700,17850
2015-07-20 00:00:00 -0700,18556
2015-07-21 00:00:00 -0700,19838
2015-07-22 00:00:00 -0700,18834
2015-07-23 00:00:00 -0700,17606
2015-07-24 00:00:00 -0700,21367
2015-07-25 00:00:00 -0700,20690
2015-07-26 00:00:00 -0700,19314
2015-07-27 00:00:00 -0700,20250
2015-07-28 00:00:00 -0700,19821
2015-07-29 00:00:00 -0700,19502
2015-07-30 00:00:00 -0700,19339
2015-07-31 00:00:00 -0700,15901
2015-08-01 00:00:00 -0700,17746
2015-08-02 00:00:00 -0700,16003
2015-08-03 00:00:00 -0700,19526
2015-08-04 00:00:00 -0700,12077
2015-08-05 00:00:00 -0700,18933
2015-08-06 00:00:00 -0700,9178
2015-08-07 00:00:00 -0700,18842
2015-08-08 00:00:00 -0700,15680
2015-08-09 00:00:00 -0700,19275
2015-08-10 00:00:00 -0700,18831
2015-08-11 00:00:00 -0700,18479
2015-08-12 00:00:00 -0700,18940
2015-08-13 00:00:00 -0700,18766
2015-08-14 00:00:00 -0700,18449
2015-08-15 00:00:00 -0700,16115
2015-08-16 00:00:00 -0700,15205
2015-08-17 00:00:00 -0700,17188
2015-08-18 00:00:00 -0700,17471
2015-08-19 00:00:00 -0700,17053
2015-08-20 00:00:00 -0700,16113
2015-08-21 00:00:00 -0700,16740
2015-08-22 00:00:00 -0700,15822
2015-08-23 00:00:00 -0700,15018
2015-08-24 00:00:00 -0700,16030
2015-08-25 00:00:00 -0700,15953
2015-08-26 00:00:00 -0700,14083
2015-08-27 00:00:00 -0700,14746
2015-08-28 00:00:00 -0700,14992
2015-08-29 00:00:00 -0700,10201
2015-08-30 00:00:00 -0700,14782
2015-08-31 00:00:00 -0700,14407
2015-09-01 00:00:00 -0700,14348
2015-09-02 00:00:00 -0700,14001
2015-09-03 00:00:00 -0700,14286
2015-09-04 00:00:00 -0700,13859
2015-09-05 00:00:00 -0700,13400
2015-09-06 00:00:00 -0700,13357
2015-09-07 00:00:00 -0700,12514
2015-09-08 00:00:00 -0700,12285
2015-09-09 00:00:00 -0700,11636
2015-09-10 00:00:00 -0700,9843
2015-09-11 00:00:00 -0700,12232
2015-09-12 00:00:00 -0700,5690
2015-09-13 00:00:00 -0700,9044
2015-09-14 00:00:00 -0700,5923
2015-09-15 00:00:00 -0700,9257
2015-09-16 00:00:00 -0700,7387
2015-09-17 00:00:00 -0700,11283
2015-09-18 00:00:00 -0700,10287
2015-09-19 00:00:00 -0700,9874
2015-09-20 00:00:00 -0700,9455
2015-09-21 00:00:00 -0700,9345
2015-09-22 00:00:00 -0700,10832
2015-09-23 00:00:00 -0700,9299
2015-09-24 00:00:00 -0700,8941
2015-09-25 00:00:00 -0700,8518
2015-09-26 00:00:00 -0700,8730
2015-09-27 00:00:00 -0700,8180
2015-09-28 00:00:00 -0700,9326
2015-09-29 00:00:00 -0700,7602
2015-09-30 00:00:00 -0700,2593
2015-10-01 00:00:00 -0700,8376
2015-10-02 00:00:00 -0700,7425
2015-10-03 00:00:00 -0700,7491
2015-10-04 00:00:00 -0700,6970
2015-10-05 00:00:00 -0700,6742
2015-10-06 00:00:00 -0700,6711
2015-10-07 00:00:00 -0700,6409
2015-10-08 00:00:00 -0700,6234
2015-10-09 00:00:00 -0700,6087
2015-10-10 00:00:00 -0700,5852
2015-10-11 00:00:00 -0700,5584
2015-10-12 00:00:00 -0700,5408
2015-10-13 00:00:00 -0700,5246
2015-10-14 00:00:00 -0700,5501
2015-10-15 00:00:00 -0700,4723
2015-10-16 00:00:00 -0700,5087
2015-10-17 00:00:00 -0700,3787
2015-10-18 00:00:00 -0700,5315
2015-10-19 00:00:00 -0700,4993
2015-10-20 00:00:00 -0700,4525
2015-10-21 00:00:00 -0700,4426
2015-10-22 00:00:00 -0700,4449
2015-10-23 00:00:00 -0700,4795
2015-10-24 00:00:00 -0700,5229
2015-10-25 00:00:00 -0700,4193
2015-10-26 00:00:00 -0700,3834
2015-10-27 00:00:00 -0700,2467
2015-10-28 00:00:00 -0700,4440
2015-10-29 00:00:00 -0700,3423
2015-10-30 00:00:00 -0700,3163
2015-10-31 00:00:00 -0700,2972
2015-11-01 00:00:00 -0700,4345
2015-11-02 00:00:00 -0800,3029
2015-11-03 00:00:00 -0800,3010
2015-11-04 00:00:00 -0800,2874
2015-11-05 00:00:00 -0800,3805
2015-11-06 00:00:00 -0800,2586
2015-11-07 00:00:00 -0800,2580
2015-11-08 00:00:00 -0800,3214
2015-11-09 00:00:00 -0800,2545
2015-11-10 00:00:00 -0800,2820
2015-11-11 00:00:00 -0800,2256
2015-11-12 00:00:00 -0800,2155
2015-11-13 00:00:00 -0800,2079
2015-11-14 00:00:00 -0800,2096
2015-11-15 00:00:00 -0800,2379
2015-11-16 00:00:00 -0800,1801
2015-11-17 00:00:00 -0800,2266
2015-11-18 00:00:00 -0800,2254
2015-11-19 00:00:00 -0800,1577
2015-11-20 00:00:00 -0800,1549
2015-11-21 00:00:00 -0800,2094
2015-11-22 00:00:00 -0800,2936
2015-11-23 00:00:00 -0800,2211
2015-11-24 00:00:00 -0800,1658
2015-11-25 00:00:00 -0800,2320
2015-11-26 00:00:00 -0800,1402
2015-11-27 00:00:00 -0800,1311
2015-11-28 00:00:00 -0800,1296
2015-11-29 00:00:00 -0800,1291
2015-11-30 00:00:00 -0800,2571
2015-12-01 00:00:00 -0800,1723
2015-12-02 00:00:00 -0800,3070
2015-12-03 00:00:00 -0800,1085
2015-12-04 00:00:00 -0800,1793
2015-12-05 00:00:00 -0800,3141
2015-12-06 00:00:00 -0800,2135
2015-12-07 00:00:00 -0800,2790
2015-12-08 00:00:00 -0800,2086
2015-12-09 00:00:00 -0800,1849
2015-12-10 00:00:00 -0800,2539
2015-12-11 00:00:00 -0800,1706
2015-12-12 00:00:00 -0800,3012
2015-12-13 00:00:00 -0800,1567
2015-12-14 00:00:00 -0800,1191
2015-12-15 00:00:00 -0800,1299
2015-12-16 00:00:00 -0800,1446
2015-12-17 00:00:00 -0800,1535
2015-12-18 00:00:00 -0800,2509
2015-12-19 00:00:00 -0800,1764
2015-12-20 00:00:00 -0800,2025
2015-12-21 00:00:00 -0800,768
2015-12-22 00:00:00 -0800,1715
2015-12-23 00:00:00 -0800,1458
2015-12-24 00:00:00 -0800,2375
2015-12-25 00:00:00 -0800,1516
2015-12-26 00:00:00 -0800,1768
2015-12-27 00:00:00 -0800,1768
2015-12-28 00:00:00 -0800,1768
2015-12-29 00:00:00 -0800,1784
2015-12-30 00:00:00 -0800,1768
2015-12-31 00:00:00 -0800,1494
2016-01-01 00:00:00 -0800,1193
2016-01-02 00:00:00 -0800,2941
2016-01-03 00:00:00 -0800,2932
2016-01-04 00:00:00 -0800,2202
2016-01-05 00:00:00 -0800,1693
2016-01-06 00:00:00 -0800,1798
2016-01-07 00:00:00 -0800,2005
2016-01-08 00:00:00 -0800,2798
2016-01-09 00:00:00 -0800,1864
2016-01-10 00:00:00 -0800,2205
2016-01-11 00:00:00 -0800,3125
2016-01-12 00:00:00 -0800,2965
2016-01-13 00:00:00 -0800,2907
2016-01-14 00:00:00 -0800,2522
2016-01-15 00:00:00 -0800,2222
2016-01-16 00:00:00 -0800,1267
2016-01-17 00:00:00 -0800,717
2016-01-18 00:00:00 -0800,2849
2016-01-19 00:00:00 -0800,1617
2016-01-20 00:00:00 -0800,2932
2016-01-21 00:00:00 -0800,3057
2016-01-22 00:00:00 -0800,1345
2016-01-23 00:00:00 -0800,2448
2016-01-24 00:00:00 -0800,3204
2016-01-25 00:00:00 -0800,3205
2016-01-26 00:00:00 -0800,2702
2016-01-27 00:00:00 -0800,2491
2016-01-28 00:00:00 -0800,2917
2016-01-29 00:00:00 -0800,1231
2016-01-30 00:00:00 -0800,3770
2016-01-31 00:00:00 -0800,3770
2016-02-01 00:00:00 -0800,3770
2016-02-02 00:00:00 -0800,3800
2016-02-03 00:00:00 -0800,3825
2016-02-04 00:00:00 -0800,3825
2016-02-05 00:00:00 -0800,3825
2016-02-06 00:00:00 -0800,3825
2016-02-07 00:00:00 -0800,3852
2016-02-08 00:00:00 -0800,3879
2016-02-09 00:00:00 -0800,3879
2016-02-10 00:00:00 -0800,3879
2016-02-11 00:00:00 -0800,3879
2016-02-12 00:00:00 -0800,3907
2016-02-13 00:00:00 -0800,3933
2016-02-14 00:00:00 -0800,3933
2016-02-15 00:00:00 -0800,3933
2016-02-16 00:00:00 -0800,3574
2016-02-17 00:00:00 -0800,3888
2016-02-18 00:00:00 -0800,4839
2016-02-19 00:00:00 -0800,3357
2016-02-20 00:00:00 -0800,6056
2016-02-21 00:00:00 -0800,5193
2016-02-22 00:00:00 -0800,5348
2016-02-23 00:00:00 -0800,5598
2016-02-24 00:00:00 -0800,5520
2016-02-25 00:00:00 -0800,5678
2016-02-26 00:00:00 -0800,6832
2016-02-27 00:00:00 -0800,6153
2016-02-28 00:00:00 -0800,6244
2016-02-29 00:00:00 -0800,6207
2016-03-01 00:00:00 -0800,6839
2016-03-02 00:00:00 -0800,5917
2016-03-03 00:00:00 -0800,4120
2016-03-04 00:00:00 -0800,1728
2016-03-05 00:00:00 -0800,1315
2016-03-06 00:00:00 -0800,5620
2016-03-07 00:00:00 -0800,5545
2016-03-08 00:00:00 -0800,4459
2016-03-09 00:00:00 -0800,3544
2016-03-10 00:00:00 -0800,3054
2016-03-11 00:00:00 -0800,3107
2016-03-12 00:00:00 -0800,2479
2016-03-13 00:00:00 -0800,1531
2016-03-14 00:00:00 -0700,7852
2016-03-15 00:00:00 -0700,9370
2016-03-16 00:00:00 -0700,9323
2016-03-17 00:00:00 -0700,9371
2016-03-18 00:00:00 -0700,9532
2016-03-19 00:00:00 -0700,8908
2016-03-20 00:00:00 -0700,4361
2016-03-21 00:00:00 -0700,3947
2016-03-22 00:00:00 -0700,9517
2016-03-23 00:00:00 -0700,10630
2016-03-24 00:00:00 -0700,10533
2016-03-25 00:00:00 -0700,10708
2016-03-26 00:00:00 -0700,10017
2016-03-27 00:00:00 -0700,10420
2016-03-28 00:00:00 -0700,8670
2016-03-29 00:00:00 -0700,8812
2016-03-30 00:00:00 -0700,12056
2016-03-31 00:00:00 -0700,12356
2016-04-01 00:00:00 -0700,12455
2016-04-02 00:00:00 -0700,12421
2016-04-03 00:00:00 -0700,11871
2016-04-04 00:00:00 -0700,12850
2016-04-05 00:00:00 -0700,12931
2016-04-06 00:00:00 -0700,12167
2016-04-07 00:00:00 -0700,11462
2016-04-08 00:00:00 -0700,5684
2016-04-09 00:00:00 -0700,2491
2016-04-10 00:00:00 -0700,3624
2016-04-11 00:00:00 -0700,9807
2016-04-12 00:00:00 -0700,10582
2016-04-13 00:00:00 -0700,14943
2016-04-14 00:00:00 -0700,12564
2016-04-15 00:00:00 -0700,15863
2016-04-16 00:00:00 -0700,15590
2016-04-17 00:00:00 -0700,15318
2016-04-18 00:00:00 -0700,15297
2016-04-19 00:00:00 -0700,11844
2016-04-20 00:00:00 -0700,16021
2016-04-21 00:00:00 -0700,7292
2016-04-22 00:00:00 -0700,7006
2016-04-23 00:00:00 -0700,15212
2016-04-24 00:00:00 -0700,15352
2016-04-25 00:00:00 -0700,17935
2016-04-26 00:00:00 -0700,15536
2016-04-27 00:00:00 -0700,12059
2016-04-28 00:00:00 -0700,18005
2016-04-29 00:00:00 -0700,17672
2016-04-30 00:00:00 -0700,18181
2016-05-01 00:00:00 -0700,17991
2016-05-02 00:00:00 -0700,17917
2016-05-03 00:00:00 -0700,12416
2016-05-04 00:00:00 -0700,12980
2016-05-05 00:00:00 -0700,7480
2016-05-06 00:00:00 -0700,2904
2016-05-07 00:00:00 -0700,3676
2016-05-08 00:00:00 -0700,12001
2016-05-09 00:00:00 -0700,15266
2016-05-10 00:00:00 -0700,18102
2016-05-11 00:00:00 -0700,19543
2016-05-12 00:00:00 -0700,19063
2016-05-13 00:00:00 -0700,16937
2016-05-14 00:00:00 -0700,14350
2016-05-15 00:00:00 -0700,19651
2016-05-16 00:00:00 -0700,19405
2016-05-17 00:00:00 -0700,19682
2016-05-18 00:00:00 -0700,19249
2016-05-19 00:00:00 -0700,18851
2016-05-20 00:00:00 -0700,17206
2016-05-21 00:00:00 -0700,12743
2016-05-22 00:00:00 -0700,11130
2016-05-23 00:00:00 -0700,19207
2016-05-24 00:00:00 -0700,14003
2016-05-25 00:00:00 -0700,13439
2016-05-26 00:00:00 -0700,19529
2016-05-27 00:00:00 -0700,18224
2016-05-28 00:00:00 -0700,19996
2016-05-29 00:00:00 -0700,19475
2016-05-30 00:00:00 -0700,19323
2016-05-31 00:00:00 -0700,19322
2016-06-01 00:00:00 -0700,19978
2016-06-02 00:00:00 -0700,19617
2016-06-03 00:00:00 -0700,18596
2016-06-04 00:00:00 -0700,10901
2016-06-05 00:00:00 -0700,19764
2016-06-06 00:00:00 -0700,19345
2016-06-07 00:00:00 -0700,15534
2016-06-08 00:00:00 -0700,16712
2016-06-09 00:00:00 -0700,14033
2016-06-10 00:00:00 -0700,17249
2016-06-11 00:00:00 -0700,18992
2016-06-12 00:00:00 -0700,19874
2016-06-13 00:00:00 -0700,18651
2016-06-14 00:00:00 -0700,19250
2016-06-15 00:00:00 -0700,19449
2016-06-16 00:00:00 -0700,16333
2016-06-17 00:00:00 -0700,12235
2016-06-18 00:00:00 -0700,19837
2016-06-19 00:00:00 -0700,19517
2016-06-20 00:00:00 -0700,19839
2016-06-21 00:00:00 -0700,19345
2016-06-22 00:00:00 -0700,20483
2016-06-23 00:00:00 -0700,19680
2016-06-24 00:00:00 -0700,19551
2016-06-25 00:00:00 -0700,19353
2016-06-26 00:00:00 -0700,18956
2016-06-27 00:00:00 -0700,18995
2016-06-28 00:00:00 -0700,18812
2016-06-29 00:00:00 -0700,20371
2016-06-30 00:00:00 -0700,19021
2016-07-01 00:00:00 -0700,19341
2016-07-02 00:00:00 -0700,19518
2016-07-03 00:00:00 -0700,19647
2016-07-04 00:00:00 -0700,19073
2016-07-05 00:00:00 -0700,17214
2016-07-06 00:00:00 -0700,17532
2016-07-07 00:00:00 -0700,15847
2016-07-08 00:00:00 -0700,17767
2016-07-09 00:00:00 -0700,19057
2016-07-10 00:00:00 -0700,19488
2016-07-11 00:00:00 -0700,19305
2016-07-12 00:00:00 -0700,19540
2016-07-13 00:00:00 -0700,18733
2016-07-14 00:00:00 -0700,18877
2016-07-15 00:00:00 -0700,19056
2016-07-16 00:00:00 -0700,19558
2016-07-17 00:00:00 -0700,15897
2016-07-18 00:00:00 -0700,14049
2016-07-19 00:00:00 -0700,17965
2016-07-20 00:00:00 -0700,19106
2016-07-21 00:00:00 -0700,19390
2016-07-22 00:00:00 -0700,19026
2016-07-23 00:00:00 -0700,18540
2016-07-24 00:00:00 -0700,18399
2016-07-25 00:00:00 -0700,18948
2016-07-26 00:00:00 -0700,17223
2016-07-27 00:00:00 -0700,17564
2016-07-28 00:00:00 -0700,17827
2016-07-29 00:00:00 -0700,17692
2016-07-30 00:00:00 -0700,18194
2016-07-31 00:00:00 -0700,18078
2016-08-01 00:00:00 -0700,18257
2016-08-02 00:00:00 -0700,17729
2016-08-03 00:00:00 -0700,17642
2016-08-04 00:00:00 -0700,12473
2016-08-05 00:00:00 -0700,12526
2016-08-06 00:00:00 -0700,15022
2016-08-07 00:00:00 -0700,16632
2016-08-08 00:00:00 -0700,16413
2016-08-09 00:00:00 -0700,16061
2016-08-10 00:00:00 -0700,16432
2016-08-11 00:00:00 -0700,15634
2016-08-12 00:00:00 -0700,15680
2016-08-13 00:00:00 -0700,15185
2016-08-14 00:00:00 -0700,15179
2016-08-15 00:00:00 -0700,14936
2016-08-16 00:00:00 -0700,15148
2016-08-17 00:00:00 -0700,14358
2016-08-18 00:00:00 -0700,13619
2016-08-19 00:00:00 -0700,13661
2016-08-20 00:00:00 -0700,13438
2016-08-21 00:00:00 -0700,13157
2016-08-22 00:00:00 -0700,13117
2016-08-23 00:00:00 -0700,12995
2016-08-24 00:00:00 -0700,13961
2016-08-25 00:00:00 -0700,13611
2016-08-26 00:00:00 -0700,13090
2016-08-27 00:00:00 -0700,13147
2016-08-28 00:00:00 -0700,13331
2016-08-29 00:00:00 -0700,12572
2016-08-30 00:00:00 -0700,12891
2016-08-31 00:00:00 -0700,12633
2016-09-01 00:00:00 -0700,10549
2016-09-02 00:00:00 -0700,11748
2016-09-03 00:00:00 -0700,11481
2016-09-04 00:00:00 -0700,11468
2016-09-05 00:00:00 -0700,11173
2016-09-06 00:00:00 -0700,10593
2016-09-07 00:00:00 -0700,10058
2016-09-08 00:00:00 -0700,10552
2016-09-09 00:00:00 -0700,10060
2016-09-10 00:00:00 -0700,9854
2016-09-11 00:00:00 -0700,9013
2016-09-12 00:00:00 -0700,10825
2016-09-13 00:00:00 -0700,9295
2016-09-14 00:00:00 -0700,9108
2016-09-15 00:00:00 -0700,8782
2016-09-16 00:00:00 -0700,8377
2016-09-17 00:00:00 -0700,8023
2016-09-18 00:00:00 -0700,7721
2016-09-19 00:00:00 -0700,7827
2016-09-20 00:00:00 -0700,7365
2016-09-21 00:00:00 -0700,8260
2016-09-22 00:00:00 -0700,7605
2016-09-23 00:00:00 -0700,6712
2016-09-24 00:00:00 -0700,6838
2016-09-25 00:00:00 -0700,6670
2016-09-26 00:00:00 -0700,6400
2016-09-27 00:00:00 -0700,6216
2016-09-28 00:00:00 -0700,6158
2016-09-29 00:00:00 -0700,6098
2016-09-30 00:00:00 -0700,6026
2016-10-01 00:00:00 -0700,5726
2016-10-02 00:00:00 -0700,5912
2016-10-03 00:00:00 -0700,3898
2016-10-04 00:00:00 -0700,5794
2016-10-05 00:00:00 -0700,5103
2016-10-06 00:00:00 -0700,4804
2016-10-07 00:00:00 -0700,4928
2016-10-08 00:00:00 -0700,4467
2016-10-09 00:00:00 -0700,4443
2016-10-10 00:00:00 -0700,4421
2016-10-11 00:00:00 -0700,4680
2016-10-12 00:00:00 -0700,4607
2016-10-13 00:00:00 -0700,5375
2016-10-14 00:00:00 -0700,1867
2016-10-15 00:00:00 -0700,3024
2016-10-16 00:00:00 -0700,1727
2016-10-17 00:00:00 -0700,4747
2016-10-18 00:00:00 -0700,4101
2016-10-19 00:00:00 -0700,3796
2016-10-20 00:00:00 -0700,3549
2016-10-21 00:00:00 -0700,3454
2016-10-22 00:00:00 -0700,4086
2016-10-23 00:00:00 -0700,3416
2016-10-24 00:00:00 -0700,2658
2016-10-25 00:00:00 -0700,2569
2016-10-26 00:00:00 -0700,3079
2016-10-27 00:00:00 -0700,1529
2016-10-28 00:00:00 -0700,2165
2016-10-29 00:00:00 -0700,3321
2016-10-30 00:00:00 -0700,1918
2016-10-31 00:00:00 -0700,4187
2016-11-01 00:00:00 -0700,2434
2016-11-02 00:00:00 -0700,2462
2016-11-03 00:00:00 -0700,2593
2016-11-04 00:00:00 -0700,2302
2016-11-05 00:00:00 -0700,3304
2016-11-06 00:00:00 -0700,4030
2016-11-07 00:00:00 -0800,3089
2016-11-08 00:00:00 -0800,1928
2016-11-09 00:00:00 -0800,1756
2016-11-10 00:00:00 -0800,3011
2016-11-11 00:00:00 -0800,3236
2016-11-12 00:00:00 -0800,1863
2016-11-13 00:00:00 -0800,1517
2016-11-14 00:00:00 -0800,1574
2016-11-15 00:00:00 -0800,1692
2016-11-16 00:00:00 -0800,1422
2016-11-17 00:00:00 -0800,1284
2016-11-18 00:00:00 -0800,1314
2016-11-19 00:00:00 -0800,936
2016-11-20 00:00:00 -0800,1647
2016-11-21 00:00:00 -0800,2012
2016-11-22 00:00:00 -0800,2883
2016-11-23 00:00:00 -0800,1747
2016-11-24 00:00:00 -0800,1502
2016-11-25 00:00:00 -0800,2985
2016-11-26 00:00:00 -0800,1735
2016-11-27 00:00:00 -0800,1738
2016-11-28 00:00:00 -0800,2274
2016-11-29 00:00:00 -0800,1007
2016-11-30 00:00:00 -0800,2217
2016-12-01 00:00:00 -0800,948
2016-12-02 00:00:00 -0800,896
2016-12-03 00:00:00 -0800,939
2016-12-04 00:00:00 -0800,1647
2016-12-05 00:00:00 -0800,2557
2016-12-06 00:00:00 -0800,1734
2016-12-07 00:00:00 -0800,2280
2016-12-08 00:00:00 -0800,1098
2016-12-09 00:00:00 -0800,2197
2016-12-10 00:00:00 -0800,715
2016-12-11 00:00:00 -0800,2542
2016-12-12 00:00:00 -0800,2612
2016-12-13 00:00:00 -0800,2106
2016-12-14 00:00:00 -0800,1915
2016-12-15 00:00:00 -0800,531
2016-12-16 00:00:00 -0800,893
2016-12-17 00:00:00 -0800,900
2016-12-18 00:00:00 -0800,892
2016-12-19 00:00:00 -0800,1354
2016-12-20 00:00:00 -0800,1034
2016-12-21 00:00:00 -0800,991
2016-12-22 00:00:00 -0800,908
2016-12-23 00:00:00 -0800,1107
2016-12-24 00:00:00 -0800,867
2016-12-25 00:00:00 -0800,1638
2016-12-26 00:00:00 -0800,1103
2016-12-27 00:00:00 -0800,1359
2016-12-28 00:00:00 -0800,862
2016-12-29 00:00:00 -0800,1106
2016-12-30 00:00:00 -0800,1262
2016-12-31 00:00:00 -0800,1953
2017-01-01 00:00:00 -0800,1547
2017-01-02 00:00:00 -0800,2379
2017-01-03 00:00:00 -0800,1185
2017-01-04 00:00:00 -0800,1383
2017-01-05 00:00:00 -0800,1099
2017-01-06 00:00:00 -0800,1652
2017-01-07 00:00:00 -0800,626
2017-01-08 00:00:00 -0800,95
2017-01-09 00:00:00 -0800,1968
2017-01-10 00:00:00 -0800,376
2017-01-11 00:00:00 -0800,2532
2017-01-12 00:00:00 -0800,2370
2017-01-13 00:00:00 -0800,1108
2017-01-14 00:00:00 -0800,1158
2017-01-15 00:00:00 -0800,1914
2017-01-16 00:00:00 -0800,1388
2017-01-17 00:00:00 -0800,2709
2017-01-18 00:00:00 -0800,516
2017-01-19 00:00:00 -0800,2124
2017-01-20 00:00:00 -0800,2027
2017-01-21 00:00:00 -0800,2367
2017-01-22 00:00:00 -0800,1976
2017-01-23 00:00:00 -0800,2604
2017-01-24 00:00:00 -0800,2659
2017-01-25 00:00:00 -0800,2564
2017-01-26 00:00:00 -0800,1904
2017-01-27 00:00:00 -0800,1860
2017-01-28 00:00:00 -0800,2290
2017-01-29 00:00:00 -0800,3158
2017-01-30 00:00:00 -0800,3229
2017-01-31 00:00:00 -0800,3770
2017-02-01 00:00:00 -0800,1889
2017-02-02 00:00:00 -0800,1959
2017-02-03 00:00:00 -0800,2040
2017-02-04 00:00:00 -0800,2812
2017-02-05 00:00:00 -0800,3514
2017-02-06 00:00:00 -0800,1210
2017-02-07 00:00:00 -0800,1286
2017-02-08 00:00:00 -0800,585
2017-02-09 00:00:00 -0800,598
2017-02-10 00:00:00 -0800,3927
2017-02-11 00:00:00 -0800,3317
2017-02-12 00:00:00 -0800,3853
2017-02-13 00:00:00 -0800,5236
2017-02-14 00:00:00 -0800,3824
2017-02-15 00:00:00 -0800,3952
2017-02-16 00:00:00 -0800,4059
2017-02-17 00:00:00 -0800,1045
2017-02-18 00:00:00 -0800,4120
2017-02-19 00:00:00 -0800,3392
2017-02-20 00:00:00 -0800,1188
2017-02-21 00:00:00 -0800,3641
2017-02-22 00:00:00 -0800,6091
2017-02-23 00:00:00 -0800,4814
2017-02-24 00:00:00 -0800,5178
2017-02-25 00:00:00 -0800,4634
2017-02-26 00:00:00 -0800,4720
2017-02-27 00:00:00 -0800,4749
2017-02-28 00:00:00 -0800,5182
2017-03-01 00:00:00 -0800,5322
2017-03-02 00:00:00 -0800,5474
2017-03-03 00:00:00 -0800,6315
2017-03-04 00:00:00 -0800,3502
2017-03-05 00:00:00 -0800,5699
2017-03-06 00:00:00 -0800,4692
2017-03-07 00:00:00 -0800,7025
2017-03-08 00:00:00 -0800,6464
2017-03-09 00:00:00 -0800,6131
2017-03-10 00:00:00 -0800,7105
2017-03-11 00:00:00 -0800,7888
2017-03-12 00:00:00 -0800,7263
2017-03-13 00:00:00 -0700,7348
2017-03-14 00:00:00 -0700,7287
2017-03-15 00:00:00 -0700,7191
2017-03-16 00:00:00 -0700,8107
2017-03-17 00:00:00 -0700,7648
2017-03-18 00:00:00 -0700,6855
2017-03-19 00:00:00 -0700,6202
2017-03-20 00:00:00 -0700,2985
2017-03-21 00:00:00 -0700,8508
2017-03-22 00:00:00 -0700,8398
2017-03-23 00:00:00 -0700,8961
2017-03-24 00:00:00 -0700,2534
2017-03-25 00:00:00 -0700,9816
2017-03-26 00:00:00 -0700,6679
2017-03-27 00:00:00 -0700,9577
2017-03-28 00:00:00 -0700,10005
2017-03-29 00:00:00 -0700,9853
2017-03-30 00:00:00 -0700,10289
2017-03-31 00:00:00 -0700,10721
2017-04-01 00:00:00 -0700,10485
2017-04-02 00:00:00 -0700,10666
2017-04-03 00:00:00 -0700,11077
2017-04-04 00:00:00 -0700,9163
2017-04-05 00:00:00 -0700,8004
2017-04-06 00:00:00 -0700,3841
2017-04-07 00:00:00 -0700,6027
2017-04-08 00:00:00 -0700,9545
2017-04-09 00:00:00 -0700,12119
2017-04-10 00:00:00 -0700,12680
2017-04-11 00:00:00 -0700,5942
2017-04-12 00:00:00 -0700,8693
2017-04-13 00:00:00 -0700,11107
2017-04-14 00:00:00 -0700,13838
2017-04-15 00:00:00 -0700,11238
2017-04-16 00:00:00 -0700,3174
2017-04-17 00:00:00 -0700,3703
2017-04-18 00:00:00 -0700,10980
2017-04-19 00:00:00 -0700,12335
2017-04-20 00:00:00 -0700,15447
2017-04-21 00:00:00 -0700,13759
2017-04-22 00:00:00 -0700,8999
2017-04-23 00:00:00 -0700,15230
2017-04-24 00:00:00 -0700,6505
2017-04-25 00:00:00 -0700,12588
2017-04-26 00:00:00 -0700,4891
2017-04-27 00:00:00 -0700,15628
2017-04-28 00:00:00 -0700,16424
2017-04-29 00:00:00 -0700,16178
2017-04-30 00:00:00 -0700,16039
2017-05-01 00:00:00 -0700,16023
2017-05-02 00:00:00 -0700,15955
2017-05-03 00:00:00 -0700,15889
2017-05-04 00:00:00 -0700,15512
2017-05-05 00:00:00 -0700,16187
2017-05-06 00:00:00 -0700,13338
2017-05-07 00:00:00 -0700,16775
2017-05-08 00:00:00 -0700,16953
2017-05-09 00:00:00 -0700,16886
2017-05-10 00:00:00 -0700,16011
2017-05-11 00:00:00 -0700,14085
2017-05-12 00:00:00 -0700,18136
2017-05-13 00:00:00 -0700,18776
2017-05-14 00:00:00 -0700,17796
2017-05-15 00:00:00 -0700,18410
2017-05-16 00:00:00 -0700,8742
2017-05-17 00:00:00 -0700,19020
2017-05-18 00:00:00 -0700,18677
2017-05-19 00:00:00 -0700,18562
2017-05-20 00:00:00 -0700,18204
2017-05-21 00:00:00 -0700,18391
2017-05-22 00:00:00 -0700,18392
2017-05-23 00:00:00 -0700,18645
2017-05-24 00:00:00 -0700,15933
2017-05-25 00:00:00 -0700,10654
2017-05-26 00:00:00 -0700,8893
2017-05-27 00:00:00 -0700,18278
2017-05-28 00:00:00 -0700,16166
2017-05-29 00:00:00 -0700,12772
2017-05-30 00:00:00 -0700,13604
2017-05-31 00:00:00 -0700,19028
2017-06-01 00:00:00 -0700,19266
2017-06-02 00:00:00 -0700,18998
2017-06-03 00:00:00 -0700,16870
2017-06-04 00:00:00 -0700,19619
2017-06-05 00:00:00 -0700,18877
2017-06-06 00:00:00 -0700,20551
2017-06-07 00:00:00 -0700,13181
2017-06-08 00:00:00 -0700,7084
2017-06-09 00:00:00 -0700,16064
2017-06-10 00:00:00 -0700,19665
2017-06-11 00:00:00 -0700,19145
2017-06-12 00:00:00 -0700,16404
2017-06-13 00:00:00 -0700,18961
2017-06-14 00:00:00 -0700,18918
2017-06-15 00:00:00 -0700,18620
2017-06-16 00:00:00 -0700,18214
2017-06-17 00:00:00 -0700,17713
2017-06-18 00:00:00 -0700,17688
2017-06-19 00:00:00 -0700,17779
2017-06-20 00:00:00 -0700,18066
2017-06-21 00:00:00 -0700,17814
2017-06-22 00:00:00 -0700,17226
2017-06-23 00:00:00 -0700,18464
2017-06-24 00:00:00 -0700,16644
2017-06-25 00:00:00 -0700,16860
2017-06-26 00:00:00 -0700,16516
2017-06-27 00:00:00 -0700,17117
2017-06-28 00:00:00 -0700,16620
2017-06-29 00:00:00 -0700,18490
2017-06-30 00:00:00 -0700,17511
2017-07-01 00:00:00 -0700,16488
2017-07-02 00:00:00 -0700,18421
2017-07-03 00:00:00 -0700,18579
2017-07-04 00:00:00 -0700,18821
2017-07-05 00:00:00 -0700,17441
2017-07-06 00:00:00 -0700,17767
2017-07-07 00:00:00 -0700,17936
2017-07-08 00:00:00 -0700,17486
2017-07-09 00:00:00 -0700,17753
2017-07-10 00:00:00 -0700,18394
2017-07-11 00:00:00 -0700,18771
2017-07-12 00:00:00 -0700,18259
2017-07-13 00:00:00 -0700,18246
2017-07-14 00:00:00 -0700,18039
2017-07-15 00:00:00 -0700,17576
2017-07-16 00:00:00 -0700,17579
2017-07-17 00:00:00 -0700,17666
2017-07-18 00:00:00 -0700,17998
2017-07-19 00:00:00 -0700,17832
2017-07-20 00:00:00 -0700,18034
2017-07-21 00:00:00 -0700,17878
2017-07-22 00:00:00 -0700,17198
2017-07-23 00:00:00 -0700,16822
2017-07-24 00:00:00 -0700,16685
2017-07-25 00:00:00 -0700,16841
2017-07-26 00:00:00 -0700,16194
2017-07-27 00:00:00 -0700,16373
2017-07-28 00:00:00 -0700,17063
2017-07-29 00:00:00 -0700,17326
2017-07-30 00:00:00 -0700,16271
2017-07-31 00:00:00 -0700,16226
2017-08-01 00:00:00 -0700,15007
2017-08-02 00:00:00 -0700,15026
2017-08-03 00:00:00 -0700,8518
2017-08-04 00:00:00 -0700,3678
2017-08-05 00:00:00 -0700,14105
2017-08-06 00:00:00 -0700,14644
2017-08-07 00:00:00 -0700,14037
2017-08-08 00:00:00 -0700,13910
2017-08-09 00:00:00 -0700,10222
2017-08-10 00:00:00 -0700,12802
2017-08-11 00:00:00 -0700,13126
2017-08-12 00:00:00 -0700,13557
2017-08-13 00:00:00 -0700,14934
2017-08-14 00:00:00 -0700,5159
2017-08-15 00:00:00 -0700,13683
2017-08-16 00:00:00 -0700,13167
2017-08-17 00:00:00 -0700,12552
2017-08-18 00:00:00 -0700,12352
2017-08-19 00:00:00 -0700,12777
2017-08-20 00:00:00 -0700,11897
2017-08-21 00:00:00 -0700,10601
2017-08-22 00:00:00 -0700,12333
2017-08-23 00:00:00 -0700,12117
2017-08-24 00:00:00 -0700,12670
2017-08-25 00:00:00 -0700,12300
2017-08-26 00:00:00 -0700,11432
2017-08-27 00:00:00 -0700,11166
2017-08-28 00:00:00 -0700,10903
2017-08-29 00:00:00 -0700,11445
2017-08-30 00:00:00 -0700,11269
2017-08-31 00:00:00 -0700,10435
2017-09-01 00:00:00 -0700,9378
2017-09-02 00:00:00 -0700,9481
2017-09-03 00:00:00 -0700,9135
2017-09-04 00:00:00 -0700,4927
2017-09-05 00:00:00 -0700,9586
2017-09-06 00:00:00 -0700,7770
2017-09-07 00:00:00 -0700,3296
2017-09-08 00:00:00 -0700,9186
2017-09-09 00:00:00 -0700,8806
2017-09-10 00:00:00 -0700,8389
2017-09-11 00:00:00 -0700,5926
2017-09-12 00:00:00 -0700,8883
2017-09-13 00:00:00 -0700,7136
2017-09-14 00:00:00 -0700,8583
2017-09-15 00:00:00 -0700,8735
2017-09-16 00:00:00 -0700,6435
2017-09-17 00:00:00 -0700,7714
2017-09-18 00:00:00 -0700,7418
2017-09-19 00:00:00 -0700,7226
2017-09-20 00:00:00 -0700,4523
2017-09-21 00:00:00 -0700,6707
2017-09-22 00:00:00 -0700,6527
2017-09-23 00:00:00 -0700,6033
2017-09-24 00:00:00 -0700,5732
2017-09-25 00:00:00 -0700,5571
2017-09-26 00:00:00 -0700,5407
2017-09-27 00:00:00 -0700,5166
2017-09-28 00:00:00 -0700,5025
2017-09-29 00:00:00 -0700,5950
2017-09-30 00:00:00 -0700,4902
2017-10-01 00:00:00 -0700,4688
2017-10-02 00:00:00 -0700,4495
2017-10-03 00:00:00 -0700,4451
2017-10-04 00:00:00 -0700,4088
2017-10-05 00:00:00 -0700,3977
2017-10-06 00:00:00 -0700,3756
2017-10-07 00:00:00 -0700,3566
2017-10-08 00:00:00 -0700,3651
2017-10-09 00:00:00 -0700,3601
2017-10-10 00:00:00 -0700,3706
2017-10-11 00:00:00 -0700,4445
2017-10-12 00:00:00 -0700,3532
2017-10-13 00:00:00 -0700,3424
2017-10-14 00:00:00 -0700,3055
2017-10-15 00:00:00 -0700,3154
2017-10-16 00:00:00 -0700,3627
2017-10-17 00:00:00 -0700,4279
2017-10-18 00:00:00 -0700,3033
2017-10-19 00:00:00 -0700,2712
2017-10-20 00:00:00 -0700,4163
2017-10-21 00:00:00 -0700,2688
2017-10-22 00:00:00 -0700,2615
2017-10-23 00:00:00 -0700,2361
2017-10-24 00:00:00 -0700,2188
2017-10-25 00:00:00 -0700,2295
2017-10-26 00:00:00 -0700,2232
2017-10-27 00:00:00 -0700,2173
2017-10-28 00:00:00 -0700,2155
2017-10-29 00:00:00 -0700,3402
2017-10-30 00:00:00 -0700,3508
2017-10-31 00:00:00 -0700,2300
2017-11-01 00:00:00 -0700,2117
2017-11-02 00:00:00 -0700,2588
2017-11-03 00:00:00 -0700,2793
2017-11-04 00:00:00 -0700,2582
2017-11-05 00:00:00 -0700,1864
2017-11-06 00:00:00 -0800,2089
2017-11-07 00:00:00 -0800,1663
2017-11-08 00:00:00 -0800,1893
2017-11-09 00:00:00 -0800,1805
2017-11-10 00:00:00 -0800,3323
2017-11-11 00:00:00 -0800,2338
2017-11-12 00:00:00 -0800,2324
2017-11-13 00:00:00 -0800,2551
2017-11-14 00:00:00 -0800,1456
2017-11-15 00:00:00 -0800,2267
2017-11-16 00:00:00 -0800,1247
2017-11-17 00:00:00 -0800,1012
2017-11-18 00:00:00 -0800,1132
2017-11-19 00:00:00 -0800,1863
2017-11-20 00:00:00 -0800,2034
2017-11-21 00:00:00 -0800,1697
2017-11-22 00:00:00 -0800,2128
2017-11-23 00:00:00 -0800,2034
2017-11-24 00:00:00 -0800,1889
2017-11-25 00:00:00 -0800,2544
2017-11-26 00:00:00 -0800,342
2017-11-27 00:00:00 -0800,1108
2017-11-28 00:00:00 -0800,987
2017-11-29 00:00:00 -0800,830
2017-11-30 00:00:00 -0800,983
2017-12-01 00:00:00 -0800,1270
2017-12-02 00:00:00 -0800,2241
2017-12-03 00:00:00 -0800,763
2017-12-04 00:00:00 -0800,771
2017-12-05 00:00:00 -0800,748
2017-12-06 00:00:00 -0800,780
2017-12-07 00:00:00 -0800,1177
2017-12-08 00:00:00 -0800,1710
2017-12-09 00:00:00 -0800,1385
2017-12-10 00:00:00 -0800,760
2017-12-11 00:00:00 -0800,1125
2017-12-12 00:00:00 -0800,842
2017-12-13 00:00:00 -0800,1091
2017-12-14 00:00:00 -0800,792
2017-12-15 00:00:00 -0800,2520
2017-12-16 00:00:00 -0800,858
2017-12-17 00:00:00 -0800,736
2017-12-18 00:00:00 -0800,906
2017-12-19 00:00:00 -0800,2245
2017-12-20 00:00:00 -0800,677
2017-12-21 00:00:00 -0800,1027
2017-12-22 00:00:00 -0800,1402
2017-12-23 00:00:00 -0800,3813
2017-12-24 00:00:00 -0800,2030
2017-12-25 00:00:00 -0800,2213
2017-12-26 00:00:00 -0800,1039
2017-12-27 00:00:00 -0800,1161
2017-12-28 00:00:00 -0800,1095
2017-12-29 00:00:00 -0800,2070
2017-12-30 00:00:00 -0800,2057
2017-12-31 00:00:00 -0800,2423
2018-01-01 00:00:00 -0800,1669
2018-01-02 00:00:00 -0800,1933
2018-01-03 00:00:00 -0800,712
2018-01-04 00:00:00 -0800,2492
2018-01-05 00:00:00 -0800,1709
2018-01-06 00:00:00 -0800,1038
2018-01-07 00:00:00 -0800,1693
2018-01-08 00:00:00 -0800,398
2018-01-09 00:00:00 -0800,997
2018-01-10 00:00:00 -0800,2048
2018-01-11 00:00:00 -0800,2133
2018-01-12 00:00:00 -0800,1240
2018-01-13 00:00:00 -0800,1452
2018-01-14 00:00:00 -0800,2878
2018-01-15 00:00:00 -0800,2585
2018-01-16 00:00:00 -0800,1312
2018-01-17 00:00:00 -0800,2235
2018-01-18 00:00:00 -0800,1637
2018-01-19 00:00:00 -0800,1675
2018-01-20 00:00:00 -0800,1074
2018-01-21 00:00:00 -0800,2957
2018-01-22 00:00:00 -0800,2237
2018-01-23 00:00:00 -0800,2400
2018-01-24 00:00:00 -0800,2004
2018-01-25 00:00:00 -0800,2162
2018-01-26 00:00:00 -0800,1659
2018-01-27 00:00:00 -0800,1621
2018-01-28 00:00:00 -0800,1577
2018-01-29 00:00:00 -0800,3057
2018-01-30 00:00:00 -0800,2037
2018-01-31 00:00:00 -0800,1918
2018-02-01 00:00:00 -0800,2008
2018-02-02 00:00:00 -0800,2050
2018-02-03 00:00:00 -0800,1873
2018-02-04 00:00:00 -0800,2500
2018-02-05 00:00:00 -0800,2386
2018-02-06 00:00:00 -0800,2119
2018-02-07 00:00:00 -0800,2284
2018-02-08 00:00:00 -0800,2197
2018-02-09 00:00:00 -0800,2505
2018-02-10 00:00:00 -0800,3033
2018-02-11 00:00:00 -0800,3358
2018-02-12 00:00:00 -0800,2783
2018-02-13 00:00:00 -0800,2560
2018-02-14 00:00:00 -0800,3918
2018-02-15 00:00:00 -0800,2690
2018-02-16 00:00:00 -0800,2714
2018-02-17 00:00:00 -0800,2740
2018-02-18 00:00:00 -0800,3649
2018-02-19 00:00:00 -0800,2675
2018-02-20 00:00:00 -0800,3796
2018-02-21 00:00:00 -0800,3196
2018-02-22 00:00:00 -0800,3876
2018-02-23 00:00:00 -0800,3423
2018-02-24 00:00:00 -0800,4226
2018-02-25 00:00:00 -0800,4071
2018-02-26 00:00:00 -0800,4339
2018-02-27 00:00:00 -0800,3827
2018-02-28 00:00:00 -0800,4356
2018-03-01 00:00:00 -0800,2076
2018-03-02 00:00:00 -0800,3854
2018-03-03 00:00:00 -0800,4797
2018-03-04 00:00:00 -0800,5469
2018-03-05 00:00:00 -0800,4527
2018-03-06 00:00:00 -0800,4977
2018-03-07 00:00:00 -0800,5560
2018-03-08 00:00:00 -0800,5674
2018-03-09 00:00:00 -0800,9079
2018-03-10 00:00:00 -0800,2263
2018-03-11 00:00:00 -0800,8782
2018-03-12 00:00:00 -0700,3209
2018-03-13 00:00:00 -0700,2977
2018-03-14 00:00:00 -0700,4702
2018-03-15 00:00:00 -0700,3798
2018-03-16 00:00:00 -0700,7022
2018-03-17 00:00:00 -0700,4688
2018-03-18 00:00:00 -0700,5825
2018-03-19 00:00:00 -0700,6672
2018-03-20 00:00:00 -0700,1593
2018-03-21 00:00:00 -0700,1004
2018-03-22 00:00:00 -0700,11137
2018-03-23 00:00:00 -0700,3856
2018-03-24 00:00:00 -0700,8780
2018-03-25 00:00:00 -0700,3483
2018-03-26 00:00:00 -0700,12654
2018-03-27 00:00:00 -0700,9173
2018-03-28 00:00:00 -0700,9206
2018-03-29 00:00:00 -0700,9437
2018-03-30 00:00:00 -0700,5438
2018-03-31 00:00:00 -0700,15201
2018-04-01 00:00:00 -0700,10108
2018-04-02 00:00:00 -0700,11292
2018-04-03 00:00:00 -0700,10300
2018-04-04 00:00:00 -0700,10600
2018-04-05 00:00:00 -0700,4549
2018-04-06 00:00:00 -0700,3701
2018-04-07 00:00:00 -0700,9488
2018-04-08 00:00:00 -0700,12105
2018-04-09 00:00:00 -0700,11455
2018-04-10 00:00:00 -0700,5641
2018-04-11 00:00:00 -0700,10231
2018-04-12 00:00:00 -0700,9104
2018-04-13 00:00:00 -0700,13081
2018-04-14 00:00:00 -0700,12942
2018-04-15 00:00:00 -0700,9828
2018-04-16 00:00:00 -0700,8688
2018-04-17 00:00:00 -0700,13628
2018-04-18 00:00:00 -0700,9660
2018-04-19 00:00:00 -0700,14414
2018-04-20 00:00:00 -0700,14382
2018-04-21 00:00:00 -0700,14026
2018-04-22 00:00:00 -0700,13851
2018-04-23 00:00:00 -0700,14151
2018-04-24 00:00:00 -0700,14879
2018-04-25 00:00:00 -0700,14805
2018-04-26 00:00:00 -0700,15280
2018-04-27 00:00:00 -0700,9982
2018-04-28 00:00:00 -0700,10867
2018-04-29 00:00:00 -0700,12611
2018-04-30 00:00:00 -0700,11847
2018-05-01 00:00:00 -0700,14292
2018-05-02 00:00:00 -0700,16206
2018-05-03 00:00:00 -0700,13771
2018-05-04 00:00:00 -0700,15630
2018-05-05 00:00:00 -0700,9294
2018-05-06 00:00:00 -0700,13771
2018-05-07 00:00:00 -0700,16531
2018-05-08 00:00:00 -0700,16507
2018-05-09 00:00:00 -0700,16474
2018-05-10 00:00:00 -0700,16703
2018-05-11 00:00:00 -0700,17065
2018-05-12 00:00:00 -0700,17621
2018-05-13 00:00:00 -0700,13778
2018-05-14 00:00:00 -0700,13302
2018-05-15 00:00:00 -0700,13111
2018-05-16 00:00:00 -0700,13074
2018-05-17 00:00:00 -0700,17030
2018-05-18 00:00:00 -0700,14383
2018-05-19 00:00:00 -0700,17509
2018-05-20 00:00:00 -0700,15198
2018-05-21 00:00:00 -0700,18320
2018-05-22 00:00:00 -0700,7098
2018-05-23 00:00:00 -0700,5868
2018-05-24 00:00:00 -0700,7317
2018-05-25 00:00:00 -0700,4809
2018-05-26 00:00:00 -0700,9087
2018-05-27 00:00:00 -0700,18582
2018-05-28 00:00:00 -0700,18164
2018-05-29 00:00:00 -0700,18215
2018-05-30 00:00:00 -0700,14957
2018-05-31 00:00:00 -0700,18192
2018-06-01 00:00:00 -0700,18845
2018-06-02 00:00:00 -0700,0
2018-06-03 00:00:00 -0700,28395
2018-06-04 00:00:00 -0700,21402
2018-06-05 00:00:00 -0700,10366
2018-06-06 00:00:00 -0700,30131
2018-06-07 00:00:00 -0700,25456
2018-06-08 00:00:00 -0700,18872
2018-06-09 00:00:00 -0700,16319
2018-06-10 00:00:00 -0700,19319
2018-06-11 00:00:00 -0700,18943
2018-06-12 00:00:00 -0700,18628
2018-06-13 00:00:00 -0700,18686
2018-06-14 00:00:00 -0700,19369
2018-06-15 00:00:00 -0700,19392
2018-06-16 00:00:00 -0700,19070
2018-06-17 00:00:00 -0700,16255
2018-06-18 00:00:00 -0700,17975
2018-06-19 00:00:00 -0700,17995
2018-06-20 00:00:00 -0700,14628
2018-06-21 00:00:00 -0700,0
2018-06-22 00:00:00 -0700,0
2018-06-23 00:00:00 -0700,0
2018-06-24 00:00:00 -0700,0
2018-06-25 00:00:00 -0700,0
2018-06-26 00:00:00 -0700,0
2018-06-27 00:00:00 -0700,0
2018-06-28 00:00:00 -0700,0
2018-06-29 00:00:00 -0700,0
2018-06-30 00:00:00 -0700,0
2018-07-01 00:00:00 -0700,0
2018-07-02 00:00:00 -0700,0
2018-07-03 00:00:00 -0700,0
2018-07-04 00:00:00 -0700,0
2018-07-05 00:00:00 -0700,0
2018-07-06 00:00:00 -0700,0
2018-07-07 00:00:00 -0700,0
2018-07-08 00:00:00 -0700,0
2018-07-09 00:00:00 -0700,0
2018-07-10 00:00:00 -0700,0
2018-07-11 00:00:00 -0700,0
2018-07-12 00:00:00 -0700,0
2018-07-13 00:00:00 -0700,0
2018-07-14 00:00:00 -0700,0
2018-07-15 00:00:00 -0700,0
2018-07-16 00:00:00 -0700,0
2018-07-17 00:00:00 -0700,0
2018-07-18 00:00:00 -0700,0
2018-07-19 00:00:00 -0700,0
2018-07-20 00:00:00 -0700,0
2018-07-21 00:00:00 -0700,0
2018-07-22 00:00:00 -0700,0
2018-07-23 00:00:00 -0700,0
2018-07-24 00:00:00 -0700,0
2018-07-25 00:00:00 -0700,0
2018-07-26 00:00:00 -0700,0
2018-07-27 00:00:00 -0700,0
2018-07-28 00:00:00 -0700,0
2018-07-29 00:00:00 -0700,0
2018-07-30 00:00:00 -0700,0
2018-07-31 00:00:00 -0700,0
2018-08-01 00:00:00 -0700,0
2018-08-02 00:00:00 -0700,0
2018-08-03 00:00:00 -0700,0
2018-08-04 00:00:00 -0700,0
2018-08-05 00:00:00 -0700,0
2018-08-06 00:00:00 -0700,0
2018-08-07 00:00:00 -0700,0
2018-08-08 00:00:00 -0700,0
2018-08-09 00:00:00 -0700,0
2018-08-10 00:00:00 -0700,0
2018-08-11 00:00:00 -0700,0
2018-08-12 00:00:00 -0700,0
2018-08-13 00:00:00 -0700,0
2018-08-14 00:00:00 -0700,0
2018-08-15 00:00:00 -0700,0
2018-08-16 00:00:00 -0700,0
2018-08-17 00:00:00 -0700,0
2018-08-18 00:00:00 -0700,0
2018-08-19 00:00:00 -0700,0
2018-08-20 00:00:00 -0700,0
2018-08-21 00:00:00 -0700,0
2018-08-22 00:00:00 -0700,0
2018-08-23 00:00:00 -0700,0
2018-08-24 00:00:00 -0700,0
2018-08-25 00:00:00 -0700,0
2018-08-26 00:00:00 -0700,0
2018-08-27 00:00:00 -0700,0
2018-08-28 00:00:00 -0700,0
2018-08-29 00:00:00 -0700,0
2018-08-30 00:00:00 -0700,0
2018-08-31 00:00:00 -0700,0
2018-09-01 00:00:00 -0700,0
2018-09-02 00:00:00 -0700,0
2018-09-03 00:00:00 -0700,0
2018-09-04 00:00:00 -0700,0
2018-09-05 00:00:00 -0700,0
2018-09-06 00:00:00 -0700,0
2018-09-07 00:00:00 -0700,0
2018-09-08 00:00:00 -0700,0
2018-09-09 00:00:00 -0700,0
2018-09-10 00:00:00 -0700,0
2018-09-11 00:00:00 -0700,0
2018-09-12 00:00:00 -0700,0
2018-09-13 00:00:00 -0700,0
2018-09-14 00:00:00 -0700,0
2018-09-15 00:00:00 -0700,0
2018-09-16 00:00:00 -0700,0
2018-09-17 00:00:00 -0700,0
2018-09-18 00:00:00 -0700,0
2018-09-19 00:00:00 -0700,0
2018-09-20 00:00:00 -0700,0
2018-09-21 00:00:00 -0700,0
2018-09-22 00:00:00 -0700,0
2018-09-23 00:00:00 -0700,0
2018-09-24 00:00:00 -0700,0
2018-09-25 00:00:00 -0700,0
2018-09-26 00:00:00 -0700,0
2018-09-27 00:00:00 -0700,0
2018-09-28 00:00:00 -0700,0
2018-09-29 00:00:00 -0700,0
2018-09-30 00:00:00 -0700,0
2018-10-01 00:00:00 -0700,0
2018-10-02 00:00:00 -0700,0
2018-10-03 00:00:00 -0700,0
2018-10-04 00:00:00 -0700,0
2018-10-05 00:00:00 -0700,0
2018-10-06 00:00:00 -0700,0
2018-10-07 00:00:00 -0700,0
2018-10-08 00:00:00 -0700,3273
2018-10-09 00:00:00 -0700,14836
2018-10-10 00:00:00 -0700,14873
2018-10-11 00:00:00 -0700,14873
2018-10-12 00:00:00 -0700,14873
2018-10-13 00:00:00 -0700,14873
2018-10-14 00:00:00 -0700,14873
2018-10-15 00:00:00 -0700,14873
2018-10-16 00:00:00 -0700,14873
2018-10-17 00:00:00 -0700,14873
2018-10-18 00:00:00 -0700,14873
2018-10-19 00:00:00 -0700,14873
2018-10-20 00:00:00 -0700,14873
2018-10-21 00:00:00 -0700,14873
2018-10-22 00:00:00 -0700,14873
2018-10-23 00:00:00 -0700,14873
2018-10-24 00:00:00 -0700,14873
2018-10-25 00:00:00 -0700,14873
2018-10-26 00:00:00 -0700,14873
2018-10-27 00:00:00 -0700,14873
2018-10-28 00:00:00 -0700,14873
2018-10-29 00:00:00 -0700,14873
2018-10-30 00:00:00 -0700,14873
2018-10-31 00:00:00 -0700,14873
2018-11-01 00:00:00 -0700,14873
2018-11-02 00:00:00 -0700,14873
2018-11-03 00:00:00 -0700,14873
2018-11-04 00:00:00 -0700,15493
2018-11-05 00:00:00 -0800,14873
2018-11-06 00:00:00 -0800,14873
2018-11-07 00:00:00 -0800,14873
2018-11-08 00:00:00 -0800,14873
2018-11-09 00:00:00 -0800,14873
2018-11-10 00:00:00 -0800,14873
2018-11-11 00:00:00 -0800,14873
2018-11-12 00:00:00 -0800,14873
2018-11-13 00:00:00 -0800,14873
2018-11-14 00:00:00 -0800,14873
2018-11-15 00:00:00 -0800,14873
2018-11-16 00:00:00 -0800,14873
2018-11-17 00:00:00 -0800,14873
2018-11-18 00:00:00 -0800,14873
2018-11-19 00:00:00 -0800,14873
2018-11-20 00:00:00 -0800,14873
2018-11-21 00:00:00 -0800,14873
2018-11-22 00:00:00 -0800,14873
2018-11-23 00:00:00 -0800,14873
2018-11-24 00:00:00 -0800,14873
2018-11-25 00:00:00 -0800,14873
2018-11-26 00:00:00 -0800,14873
2018-11-27 00:00:00 -0800,14873
2018-11-28 00:00:00 -0800,14873
2018-11-29 00:00:00 -0800,14873
2018-11-30 00:00:00 -0800,14873
2018-12-01 00:00:00 -0800,14873
2018-12-02 00:00:00 -0800,14873
2018-12-03 00:00:00 -0800,14873
2018-12-04 00:00:00 -0800,14873
2018-12-05 00:00:00 -0800,14873
2018-12-06 00:00:00 -0800,14873
2018-12-07 00:00:00 -0800,14873
2018-12-08 00:00:00 -0800,14873
2018-12-09 00:00:00 -0800,14873
2018-12-10 00:00:00 -0800,14873
2018-12-11 00:00:00 -0800,14873
2018-12-12 00:00:00 -0800,14873
2018-12-13 00:00:00 -0800,14873
2018-12-14 00:00:00 -0800,14873
2018-12-15 00:00:00 -0800,14873
2018-12-16 00:00:00 -0800,14873
2018-12-17 00:00:00 -0800,14873
2018-12-18 00:00:00 -0800,14873
2018-12-19 00:00:00 -0800,14873
2018-12-20 00:00:00 -0800,14873
2018-12-21 00:00:00 -0800,14873
2018-12-22 00:00:00 -0800,14873
2018-12-23 00:00:00 -0800,14873
2018-12-24 00:00:00 -0800,14873
2018-12-25 00:00:00 -0800,14873
2018-12-26 00:00:00 -0800,14873
2018-12-27 00:00:00 -0800,14873
2018-12-28 00:00:00 -0800,14873
2018-12-29 00:00:00 -0800,14873
2018-12-30 00:00:00 -0800,14873
2018-12-31 00:00:00 -0800,14873
2019-01-01 00:00:00 -0800,14873
2019-01-02 00:00:00 -0800,14873
2019-01-03 00:00:00 -0800,14873
2019-01-04 00:00:00 -0800,14873
2019-01-05 00:00:00 -0800,14873
2019-01-06 00:00:00 -0800,14873
2019-01-07 00:00:00 -0800,14873
2019-01-08 00:00:00 -0800,14873
2019-01-09 00:00:00 -0800,14873
2019-01-10 00:00:00 -0800,14873
2019-01-11 00:00:00 -0800,14873
2019-01-12 00:00:00 -0800,14873
2019-01-13 00:00:00 -0800,14873
2019-01-14 00:00:00 -0800,14873
2019-01-15 00:00:00 -0800,14873
2019-01-16 00:00:00 -0800,7851
2019-01-17 00:00:00 -0800,1980
2019-01-18 00:00:00 -0800,2838
2019-01-19 00:00:00 -0800,2407
2019-01-20 00:00:00 -0800,933
2019-01-21 00:00:00 -0800,1051
2019-01-22 00:00:00 -0800,1474
2019-01-23 00:00:00 -0800,1213
2019-01-24 00:00:00 -0800,1149
2019-01-25 00:00:00 -0800,1281
2019-01-26 00:00:00 -0800,3200
2019-01-27 00:00:00 -0800,2417
2019-01-28 00:00:00 -0800,3507
2019-01-29 00:00:00 -0800,2330
2019-01-30 00:00:00 -0800,1793
2019-01-31 00:00:00 -0800,2383
2019-02-01 00:00:00 -0800,2029
2019-02-02 00:00:00 -0800,2653
2019-02-03 00:00:00 -0800,1511
2019-02-04 00:00:00 -0800,2754
2019-02-05 00:00:00 -0800,2280
2019-02-06 00:00:00 -0800,2448
2019-02-07 00:00:00 -0800,2957
2019-02-08 00:00:00 -0800,2133
2019-02-09 00:00:00 -0800,2572
2019-02-10 00:00:00 -0800,2530
2019-02-11 00:00:00 -0800,3159
2019-02-12 00:00:00 -0800,1963
2019-02-13 00:00:00 -0800,920
2019-02-14 00:00:00 -0800,1887
2019-02-15 00:00:00 -0800,3563
2019-02-16 00:00:00 -0800,3273
2019-02-17 00:00:00 -0800,3268
2019-02-18 00:00:00 -0800,2960
2019-02-19 00:00:00 -0800,3163
2019-02-20 00:00:00 -0800,3827
2019-02-21 00:00:00 -0800,3190
2019-02-22 00:00:00 -0800,3196
2019-02-23 00:00:00 -0800,4721
2019-02-24 00:00:00 -0800,4624
2019-02-25 00:00:00 -0800,2403
2019-02-26 00:00:00 -0800,1621
2019-02-27 00:00:00 -0800,2604
2019-02-28 00:00:00 -0800,4778
2019-03-01 00:00:00 -0800,4371
2019-03-02 00:00:00 -0800,1662
2019-03-03 00:00:00 -0800,3411
2019-03-04 00:00:00 -0800,4565
2019-03-05 00:00:00 -0800,2237
2019-03-06 00:00:00 -0800,3034
2019-03-07 00:00:00 -0800,5575
2019-03-08 00:00:00 -0800,4876
2019-03-09 00:00:00 -0800,4369
2019-03-10 00:00:00 -0800,3652
2019-03-11 00:00:00 -0700,4931
2019-03-12 00:00:00 -0700,5798
2019-03-13 00:00:00 -0700,5369
2019-03-14 00:00:00 -0700,5615
2019-03-15 00:00:00 -0700,5641
2019-03-16 00:00:00 -0700,5791
2019-03-17 00:00:00 -0700,6204
2019-03-18 00:00:00 -0700,6192
2019-03-19 00:00:00 -0700,6330
2019-03-20 00:00:00 -0700,6755
2019-03-21 00:00:00 -0700,7368
2019-03-22 00:00:00 -0700,3620
2019-03-23 00:00:00 -0700,7674
2019-03-24 00:00:00 -0700,7921
2019-03-25 00:00:00 -0700,4163
2019-03-26 00:00:00 -0700,7133
2019-03-27 00:00:00 -0700,7263
2019-03-28 00:00:00 -0700,5421
2019-03-29 00:00:00 -0700,9141
2019-03-30 00:00:00 -0700,8199
2019-03-31 00:00:00 -0700,8540
2019-04-01 00:00:00 -0700,4706
2019-04-02 00:00:00 -0700,4237
2019-04-03 00:00:00 -0700,4202
2019-04-04 00:00:00 -0700,5538
2019-04-05 00:00:00 -0700,4831
2019-04-06 00:00:00 -0700,7879
2019-04-07 00:00:00 -0700,9887
2019-04-08 00:00:00 -0700,7720
2019-04-09 00:00:00 -0700,10807
2019-04-10 00:00:00 -0700,11602
2019-04-11 00:00:00 -0700,8421
2019-04-12 00:00:00 -0700,11754
2019-04-13 00:00:00 -0700,11028
2019-04-14 00:00:00 -0700,11439
2019-04-15 00:00:00 -0700,7085
2019-04-16 00:00:00 -0700,9836
2019-04-17 00:00:00 -0700,12423
2019-04-18 00:00:00 -0700,12258
2019-04-19 00:00:00 -0700,12228
2019-04-20 00:00:00 -0700,12835
2019-04-21 00:00:00 -0700,13280
2019-04-22 00:00:00 -0700,13295
2019-04-23 00:00:00 -0700,12980
2019-04-24 00:00:00 -0700,12953
2019-04-25 00:00:00 -0700,13753
2019-04-26 00:00:00 -0700,13154
2019-04-27 00:00:00 -0700,13757
2019-04-28 00:00:00 -0700,13937
2019-04-29 00:00:00 -0700,14124
2019-04-30 00:00:00 -0700,14650
2019-05-01 00:00:00 -0700,14872
2019-05-02 00:00:00 -0700,14908
2019-05-03 00:00:00 -0700,14849
2019-05-04 00:00:00 -0700,15307
2019-05-05 00:00:00 -0700,14764
2019-05-06 00:00:00 -0700,6857
2019-05-07 00:00:00 -0700,13175
2019-05-08 00:00:00 -0700,14140
2019-05-09 00:00:00 -0700,12350
2019-05-10 00:00:00 -0700,15609
2019-05-11 00:00:00 -0700,15098
2019-05-12 00:00:00 -0700,15710
2019-05-13 00:00:00 -0700,15515
2019-05-14 00:00:00 -0700,8438
2019-05-15 00:00:00 -0700,2788
2019-05-16 00:00:00 -0700,5602
2019-05-17 00:00:00 -0700,12991
2019-05-18 00:00:00 -0700,4179
2019-05-19 00:00:00 -0700,7561
2019-05-20 00:00:00 -0700,12897
2019-05-21 00:00:00 -0700,9389
2019-05-22 00:00:00 -0700,16623
2019-05-23 00:00:00 -0700,15317
2019-05-24 00:00:00 -0700,14922
2019-05-25 00:00:00 -0700,16701
2019-05-26 00:00:00 -0700,8924
2019-05-27 00:00:00 -0700,17469
2019-05-28 00:00:00 -0700,18083
2019-05-29 00:00:00 -0700,17561
2019-05-30 00:00:00 -0700,15551
2019-05-31 00:00:00 -0700,17839
2019-06-01 00:00:00 -0700,17923
2019-06-02 00:00:00 -0700,14635
2019-06-03 00:00:00 -0700,17589
2019-06-04 00:00:00 -0700,17729
2019-06-05 00:00:00 -0700,17432
2019-06-06 00:00:00 -0700,18962
2019-06-07 00:00:00 -0700,18828
2019-06-08 00:00:00 -0700,18790
2019-06-09 00:00:00 -0700,17363
2019-06-10 00:00:00 -0700,16813
2019-06-11 00:00:00 -0700,17335
2019-06-12 00:00:00 -0700,17168
2019-06-13 00:00:00 -0700,17955
2019-06-14 00:00:00 -0700,17267
2019-06-15 00:00:00 -0700,11182
2019-06-16 00:00:00 -0700,15554
2019-06-17 00:00:00 -0700,17597
2019-06-18 00:00:00 -0700,17895
2019-06-19 00:00:00 -0700,18446
2019-06-20 00:00:00 -0700,17148
2019-06-21 00:00:00 -0700,18866
2019-06-22 00:00:00 -0700,18244
2019-06-23 00:00:00 -0700,18038
2019-06-24 00:00:00 -0700,14400
2019-06-25 00:00:00 -0700,18358
2019-06-26 00:00:00 -0700,15340
2019-06-27 00:00:00 -0700,15660
2019-06-28 00:00:00 -0700,18357
2019-06-29 00:00:00 -0700,15030
2019-06-30 00:00:00 -0700,18824
2019-07-01 00:00:00 -0700,17820
2019-07-02 00:00:00 -0700,17979
2019-07-03 00:00:00 -0700,18084
2019-07-04 00:00:00 -0700,17832
2019-07-05 00:00:00 -0700,17530
2019-07-06 00:00:00 -0700,17199
2019-07-07 00:00:00 -0700,16541
2019-07-08 00:00:00 -0700,9589
2019-07-09 00:00:00 -0700,13741
2019-07-10 00:00:00 -0700,15087
2019-07-11 00:00:00 -0700,17413
2019-07-12 00:00:00 -0700,17430
2019-07-13 00:00:00 -0700,17603
2019-07-14 00:00:00 -0700,17954
2019-07-15 00:00:00 -0700,17318
2019-07-16 00:00:00 -0700,17167
2019-07-17 00:00:00 -0700,16786
2019-07-18 00:00:00 -0700,17245
2019-07-19 00:00:00 -0700,16267
2019-07-20 00:00:00 -0700,16247
2019-07-21 00:00:00 -0700,14299
2019-07-22 00:00:00 -0700,16334
2019-07-23 00:00:00 -0700,16509
2019-07-24 00:00:00 -0700,15930
2019-07-25 00:00:00 -0700,13846
2019-07-26 00:00:00 -0700,16236
2019-07-27 00:00:00 -0700,15680
2019-07-28 00:00:00 -0700,15187
2019-07-29 00:00:00 -0700,15959
2019-07-30 00:00:00 -0700,14493
2019-07-31 00:00:00 -0700,15425
2019-08-01 00:00:00 -0700,13895
2019-08-02 00:00:00 -0700,14484
2019-08-03 00:00:00 -0700,14840
2019-08-04 00:00:00 -0700,14160
2019-08-05 00:00:00 -0700,12756
2019-08-06 00:00:00 -0700,14187
2019-08-07 00:00:00 -0700,14256
2019-08-08 00:00:00 -0700,13202
Total,13014924
