Date/Time,Power Produced (W)
2019-08-25 00:05:00 -0700,0
2019-08-25 00:10:00 -0700,0
2019-08-25 00:15:00 -0700,0
2019-08-25 00:20:00 -0700,0
2019-08-25 00:25:00 -0700,0
2019-08-25 00:30:00 -0700,0
2019-08-25 00:35:00 -0700,0
2019-08-25 00:40:00 -0700,0
2019-08-25 00:45:00 -0700,0
2019-08-25 00:50:00 -0700,0
2019-08-25 00:55:00 -0700,0
2019-08-25 01:00:00 -0700,0
2019-08-25 01:05:00 -0700,0
2019-08-25 01:10:00 -0700,0
2019-08-25 01:15:00 -0700,0
2019-08-25 01:20:00 -0700,0
2019-08-25 01:25:00 -0700,0
2019-08-25 01:30:00 -0700,0
2019-08-25 01:35:00 -0700,0
2019-08-25 01:40:00 -0700,0
2019-08-25 01:45:00 -0700,0
2019-08-25 01:50:00 -0700,0
2019-08-25 01:55:00 -0700,0
2019-08-25 02:00:00 -0700,0
2019-08-25 02:05:00 -0700,0
2019-08-25 02:10:00 -0700,0
2019-08-25 02:15:00 -0700,0
2019-08-25 02:20:00 -0700,0
2019-08-25 02:25:00 -0700,0
2019-08-25 02:30:00 -0700,0
2019-08-25 02:35:00 -0700,0
2019-08-25 02:40:00 -0700,0
2019-08-25 02:45:00 -0700,0
2019-08-25 02:50:00 -0700,0
2019-08-25 02:55:00 -0700,0
2019-08-25 03:00:00 -0700,0
2019-08-25 03:05:00 -0700,0
2019-08-25 03:10:00 -0700,0
2019-08-25 03:15:00 -0700,0
2019-08-25 03:20:00 -0700,0
2019-08-25 03:25:00 -0700,0
2019-08-25 03:30:00 -0700,0
2019-08-25 03:35:00 -0700,0
2019-08-25 03:40:00 -0700,0
2019-08-25 03:45:00 -0700,0
2019-08-25 03:50:00 -0700,0
2019-08-25 03:55:00 -0700,0
2019-08-25 04:00:00 -0700,0
2019-08-25 04:05:00 -0700,0
2019-08-25 04:10:00 -0700,0
2019-08-25 04:15:00 -0700,0
2019-08-25 04:20:00 -0700,0
2019-08-25 04:25:00 -0700,0
2019-08-25 04:30:00 -0700,0
2019-08-25 04:35:00 -0700,0
2019-08-25 04:40:00 -0700,0
2019-08-25 04:45:00 -0700,0
2019-08-25 04:50:00 -0700,0
2019-08-25 04:55:00 -0700,0
2019-08-25 05:00:00 -0700,0
2019-08-25 05:05:00 -0700,0
2019-08-25 05:10:00 -0700,0
2019-08-25 05:15:00 -0700,0
2019-08-25 05:20:00 -0700,0
2019-08-25 05:25:00 -0700,0
2019-08-25 05:30:00 -0700,0
2019-08-25 05:35:00 -0700,0
2019-08-25 05:40:00 -0700,0
2019-08-25 05:45:00 -0700,0
2019-08-25 05:50:00 -0700,0
2019-08-25 05:55:00 -0700,0
2019-08-25 06:00:00 -0700,0
2019-08-25 06:05:00 -0700,0
2019-08-25 06:10:00 -0700,0
2019-08-25 06:15:00 -0700,0
2019-08-25 06:20:00 -0700,0
2019-08-25 06:25:00 -0700,0
2019-08-25 06:30:00 -0700,0
2019-08-25 06:35:00 -0700,1
2019-08-25 06:40:00 -0700,3
2019-08-25 06:45:00 -0700,3
2019-08-25 06:50:00 -0700,15
2019-08-25 06:55:00 -0700,21
2019-08-25 07:00:00 -0700,21
2019-08-25 07:05:00 -0700,21
2019-08-25 07:10:00 -0700,21
2019-08-25 07:15:00 -0700,21
2019-08-25 07:20:00 -0700,73
2019-08-25 07:25:00 -0700,92
2019-08-25 07:30:00 -0700,92
2019-08-25 07:35:00 -0700,193
2019-08-25 07:40:00 -0700,232
2019-08-25 07:45:00 -0700,232
2019-08-25 07:50:00 -0700,299
2019-08-25 07:55:00 -0700,348
2019-08-25 08:00:00 -0700,348
2019-08-25 08:05:00 -0700,337
2019-08-25 08:10:00 -0700,377
2019-08-25 08:15:00 -0700,377
2019-08-25 08:20:00 -0700,330
2019-08-25 08:25:00 -0700,364
2019-08-25 08:30:00 -0700,364
2019-08-25 08:35:00 -0700,302
2019-08-25 08:40:00 -0700,330
2019-08-25 08:45:00 -0700,330
2019-08-25 08:50:00 -0700,280
2019-08-25 08:55:00 -0700,308
2019-08-25 09:00:00 -0700,308
2019-08-25 09:05:00 -0700,317
2019-08-25 09:10:00 -0700,362
2019-08-25 09:15:00 -0700,362
2019-08-25 09:20:00 -0700,323
2019-08-25 09:25:00 -0700,355
2019-08-25 09:30:00 -0700,355
2019-08-25 09:35:00 -0700,328
2019-08-25 09:40:00 -0700,366
2019-08-25 09:45:00 -0700,366
2019-08-25 09:50:00 -0700,302
2019-08-25 09:55:00 -0700,323
2019-08-25 10:00:00 -0700,323
2019-08-25 10:05:00 -0700,282
2019-08-25 10:10:00 -0700,298
2019-08-25 10:15:00 -0700,298
2019-08-25 10:20:00 -0700,288
2019-08-25 10:25:00 -0700,316
2019-08-25 10:30:00 -0700,316
2019-08-25 10:35:00 -0700,379
2019-08-25 10:40:00 -0700,431
2019-08-25 10:45:00 -0700,431
2019-08-25 10:50:00 -0700,501
2019-08-25 10:55:00 -0700,565
2019-08-25 11:00:00 -0700,565
2019-08-25 11:05:00 -0700,633
2019-08-25 11:10:00 -0700,705
2019-08-25 11:15:00 -0700,705
2019-08-25 11:20:00 -0700,801
2019-08-25 11:25:00 -0700,893
2019-08-25 11:30:00 -0700,893
2019-08-25 11:35:00 -0700,946
2019-08-25 11:40:00 -0700,1036
2019-08-25 11:45:00 -0700,1036
2019-08-25 11:50:00 -0700,1046
2019-08-25 11:55:00 -0700,1136
2019-08-25 12:00:00 -0700,1136
2019-08-25 12:05:00 -0700,1069
2019-08-25 12:10:00 -0700,1144
2019-08-25 12:15:00 -0700,1144
2019-08-25 12:20:00 -0700,1156
2019-08-25 12:25:00 -0700,1252
2019-08-25 12:30:00 -0700,1252
2019-08-25 12:35:00 -0700,1204
2019-08-25 12:40:00 -0700,1289
2019-08-25 12:45:00 -0700,1289
2019-08-25 12:50:00 -0700,1156
2019-08-25 12:55:00 -0700,1219
2019-08-25 13:00:00 -0700,1219
2019-08-25 13:05:00 -0700,1178
2019-08-25 13:10:00 -0700,1269
2019-08-25 13:15:00 -0700,1269
2019-08-25 13:20:00 -0700,1271
2019-08-25 13:25:00 -0700,1402
2019-08-25 13:30:00 -0700,1402
2019-08-25 13:35:00 -0700,1451
2019-08-25 13:40:00 -0700,1603
2019-08-25 13:45:00 -0700,1603
2019-08-25 13:50:00 -0700,1648
2019-08-25 13:55:00 -0700,1828
2019-08-25 14:00:00 -0700,1828
2019-08-25 14:05:00 -0700,1728
2019-08-25 14:10:00 -0700,1873
2019-08-25 14:15:00 -0700,1873
2019-08-25 14:20:00 -0700,1850
2019-08-25 14:25:00 -0700,2028
2019-08-25 14:30:00 -0700,2028
2019-08-25 14:35:00 -0700,1908
2019-08-25 14:40:00 -0700,2021
2019-08-25 14:45:00 -0700,2021
2019-08-25 14:50:00 -0700,1867
2019-08-25 14:55:00 -0700,1966
2019-08-25 15:00:00 -0700,1966
2019-08-25 15:05:00 -0700,1800
2019-08-25 15:10:00 -0700,1885
2019-08-25 15:15:00 -0700,1885
2019-08-25 15:20:00 -0700,1723
2019-08-25 15:25:00 -0700,1808
2019-08-25 15:30:00 -0700,1808
2019-08-25 15:35:00 -0700,1638
2019-08-25 15:40:00 -0700,1699
2019-08-25 15:45:00 -0700,1699
2019-08-25 15:50:00 -0700,1504
2019-08-25 15:55:00 -0700,1622
2019-08-25 16:00:00 -0700,1622
2019-08-25 16:05:00 -0700,1389
2019-08-25 16:10:00 -0700,1526
2019-08-25 16:15:00 -0700,1526
2019-08-25 16:20:00 -0700,1295
2019-08-25 16:25:00 -0700,1401
2019-08-25 16:30:00 -0700,1401
2019-08-25 16:35:00 -0700,1186
2019-08-25 16:40:00 -0700,1264
2019-08-25 16:45:00 -0700,1264
2019-08-25 16:50:00 -0700,1058
2019-08-25 16:55:00 -0700,1128
2019-08-25 17:00:00 -0700,1128
2019-08-25 17:05:00 -0700,926
2019-08-25 17:10:00 -0700,987
2019-08-25 17:15:00 -0700,987
2019-08-25 17:20:00 -0700,802
2019-08-25 17:25:00 -0700,837
2019-08-25 17:30:00 -0700,837
2019-08-25 17:35:00 -0700,667
2019-08-25 17:40:00 -0700,683
2019-08-25 17:45:00 -0700,683
2019-08-25 17:50:00 -0700,443
2019-08-25 17:55:00 -0700,371
2019-08-25 18:00:00 -0700,371
2019-08-25 18:05:00 -0700,234
2019-08-25 18:10:00 -0700,188
2019-08-25 18:15:00 -0700,188
2019-08-25 18:20:00 -0700,105
2019-08-25 18:25:00 -0700,71
2019-08-25 18:30:00 -0700,71
2019-08-25 18:35:00 -0700,48
2019-08-25 18:40:00 -0700,41
2019-08-25 18:45:00 -0700,41
2019-08-25 18:50:00 -0700,31
2019-08-25 18:55:00 -0700,29
2019-08-25 19:00:00 -0700,29
2019-08-25 19:05:00 -0700,22
2019-08-25 19:10:00 -0700,21
2019-08-25 19:15:00 -0700,21
2019-08-25 19:20:00 -0700,14
2019-08-25 19:25:00 -0700,12
2019-08-25 19:30:00 -0700,12
2019-08-25 19:35:00 -0700,6
2019-08-25 19:40:00 -0700,3
2019-08-25 19:45:00 -0700,3
2019-08-25 19:50:00 -0700,1
2019-08-25 19:55:00 -0700,0
2019-08-25 20:00:00 -0700,0
2019-08-25 20:05:00 -0700,0
2019-08-25 20:10:00 -0700,0
2019-08-25 20:15:00 -0700,0
2019-08-25 20:20:00 -0700,0
2019-08-25 20:25:00 -0700,0
2019-08-25 20:30:00 -0700,0
2019-08-25 20:35:00 -0700,0
2019-08-25 20:40:00 -0700,0
2019-08-25 20:45:00 -0700,0
2019-08-25 20:50:00 -0700,0
2019-08-25 20:55:00 -0700,0
2019-08-25 21:00:00 -0700,0
2019-08-25 21:05:00 -0700,0
2019-08-25 21:10:00 -0700,0
2019-08-25 21:15:00 -0700,0
2019-08-25 21:20:00 -0700,0
2019-08-25 21:25:00 -0700,0
2019-08-25 21:30:00 -0700,0
2019-08-25 21:35:00 -0700,0
2019-08-25 21:40:00 -0700,0
2019-08-25 21:45:00 -0700,0
2019-08-25 21:50:00 -0700,0
2019-08-25 21:55:00 -0700,0
2019-08-25 22:00:00 -0700,0
2019-08-25 22:05:00 -0700,0
2019-08-25 22:10:00 -0700,0
2019-08-25 22:15:00 -0700,0
2019-08-25 22:20:00 -0700,0
2019-08-25 22:25:00 -0700,0
2019-08-25 22:30:00 -0700,0
2019-08-25 22:35:00 -0700,0
2019-08-25 22:40:00 -0700,0
2019-08-25 22:45:00 -0700,0
2019-08-25 22:50:00 -0700,0
2019-08-25 22:55:00 -0700,0
2019-08-25 23:00:00 -0700,0
2019-08-25 23:05:00 -0700,0
2019-08-25 23:10:00 -0700,0
2019-08-25 23:15:00 -0700,0
2019-08-25 23:20:00 -0700,0
2019-08-25 23:25:00 -0700,0
2019-08-25 23:30:00 -0700,0
2019-08-25 23:35:00 -0700,0
2019-08-25 23:40:00 -0700,0
2019-08-25 23:45:00 -0700,0
2019-08-25 23:50:00 -0700,0
2019-08-25 23:55:00 -0700,0
2019-08-26 00:00:00 -0700,0
2019-08-26 00:05:00 -0700,0
2019-08-26 00:10:00 -0700,0
2019-08-26 00:15:00 -0700,0
2019-08-26 00:20:00 -0700,0
2019-08-26 00:25:00 -0700,0
2019-08-26 00:30:00 -0700,0
2019-08-26 00:35:00 -0700,0
2019-08-26 00:40:00 -0700,0
2019-08-26 00:45:00 -0700,0
2019-08-26 00:50:00 -0700,0
2019-08-26 00:55:00 -0700,0
2019-08-26 01:00:00 -0700,0
2019-08-26 01:05:00 -0700,0
2019-08-26 01:10:00 -0700,0
2019-08-26 01:15:00 -0700,0
2019-08-26 01:20:00 -0700,0
2019-08-26 01:25:00 -0700,0
2019-08-26 01:30:00 -0700,0
2019-08-26 01:35:00 -0700,0
2019-08-26 01:40:00 -0700,0
2019-08-26 01:45:00 -0700,0
2019-08-26 01:50:00 -0700,0
2019-08-26 01:55:00 -0700,0
2019-08-26 02:00:00 -0700,0
2019-08-26 02:05:00 -0700,0
2019-08-26 02:10:00 -0700,0
2019-08-26 02:15:00 -0700,0
2019-08-26 02:20:00 -0700,0
2019-08-26 02:25:00 -0700,0
2019-08-26 02:30:00 -0700,0
2019-08-26 02:35:00 -0700,0
2019-08-26 02:40:00 -0700,0
2019-08-26 02:45:00 -0700,0
2019-08-26 02:50:00 -0700,0
2019-08-26 02:55:00 -0700,0
2019-08-26 03:00:00 -0700,0
2019-08-26 03:05:00 -0700,0
2019-08-26 03:10:00 -0700,0
2019-08-26 03:15:00 -0700,0
2019-08-26 03:20:00 -0700,0
2019-08-26 03:25:00 -0700,0
2019-08-26 03:30:00 -0700,0
2019-08-26 03:35:00 -0700,0
2019-08-26 03:40:00 -0700,0
2019-08-26 03:45:00 -0700,0
2019-08-26 03:50:00 -0700,0
2019-08-26 03:55:00 -0700,0
2019-08-26 04:00:00 -0700,0
2019-08-26 04:05:00 -0700,0
2019-08-26 04:10:00 -0700,0
2019-08-26 04:15:00 -0700,0
2019-08-26 04:20:00 -0700,0
2019-08-26 04:25:00 -0700,0
2019-08-26 04:30:00 -0700,0
2019-08-26 04:35:00 -0700,0
2019-08-26 04:40:00 -0700,0
2019-08-26 04:45:00 -0700,0
2019-08-26 04:50:00 -0700,0
2019-08-26 04:55:00 -0700,0
2019-08-26 05:00:00 -0700,0
2019-08-26 05:05:00 -0700,0
2019-08-26 05:10:00 -0700,0
2019-08-26 05:15:00 -0700,0
2019-08-26 05:20:00 -0700,0
2019-08-26 05:25:00 -0700,0
2019-08-26 05:30:00 -0700,0
2019-08-26 05:35:00 -0700,0
2019-08-26 05:40:00 -0700,0
2019-08-26 05:45:00 -0700,0
2019-08-26 05:50:00 -0700,0
2019-08-26 05:55:00 -0700,0
2019-08-26 06:00:00 -0700,0
2019-08-26 06:05:00 -0700,0
2019-08-26 06:10:00 -0700,0
2019-08-26 06:15:00 -0700,0
2019-08-26 06:20:00 -0700,0
2019-08-26 06:25:00 -0700,0
2019-08-26 06:30:00 -0700,0
2019-08-26 06:35:00 -0700,0
2019-08-26 06:40:00 -0700,7
2019-08-26 06:45:00 -0700,8
2019-08-26 06:50:00 -0700,8
2019-08-26 06:55:00 -0700,8
2019-08-26 07:00:00 -0700,8
2019-08-26 07:05:00 -0700,19
2019-08-26 07:10:00 -0700,66
2019-08-26 07:15:00 -0700,66
2019-08-26 07:20:00 -0700,66
2019-08-26 07:25:00 -0700,66
2019-08-26 07:30:00 -0700,66
2019-08-26 07:35:00 -0700,103
2019-08-26 07:40:00 -0700,253
2019-08-26 07:45:00 -0700,253
2019-08-26 07:50:00 -0700,259
2019-08-26 07:55:00 -0700,364
2019-08-26 08:00:00 -0700,364
2019-08-26 08:05:00 -0700,334
2019-08-26 08:10:00 -0700,376
2019-08-26 08:15:00 -0700,376
2019-08-26 08:20:00 -0700,323
2019-08-26 08:25:00 -0700,317
2019-08-26 08:30:00 -0700,317
2019-08-26 08:35:00 -0700,278
2019-08-26 08:40:00 -0700,292
2019-08-26 08:45:00 -0700,292
2019-08-26 08:50:00 -0700,266
2019-08-26 08:55:00 -0700,310
2019-08-26 09:00:00 -0700,310
2019-08-26 09:05:00 -0700,291
2019-08-26 09:10:00 -0700,360
2019-08-26 09:15:00 -0700,360
2019-08-26 09:20:00 -0700,322
2019-08-26 09:25:00 -0700,354
2019-08-26 09:30:00 -0700,354
2019-08-26 09:35:00 -0700,321
2019-08-26 09:40:00 -0700,371
2019-08-26 09:45:00 -0700,371
2019-08-26 09:50:00 -0700,324
2019-08-26 09:55:00 -0700,312
2019-08-26 10:00:00 -0700,312
2019-08-26 10:05:00 -0700,280
2019-08-26 10:10:00 -0700,284
2019-08-26 10:15:00 -0700,284
2019-08-26 10:20:00 -0700,272
2019-08-26 10:25:00 -0700,328
2019-08-26 10:30:00 -0700,328
2019-08-26 10:35:00 -0700,331
2019-08-26 10:40:00 -0700,437
2019-08-26 10:45:00 -0700,437
2019-08-26 10:50:00 -0700,445
2019-08-26 10:55:00 -0700,589
2019-08-26 11:00:00 -0700,589
2019-08-26 11:05:00 -0700,584
2019-08-26 11:10:00 -0700,721
2019-08-26 11:15:00 -0700,721
2019-08-26 11:20:00 -0700,727
2019-08-26 11:25:00 -0700,915
2019-08-26 11:30:00 -0700,915
2019-08-26 11:35:00 -0700,896
2019-08-26 11:40:00 -0700,1054
2019-08-26 11:45:00 -0700,1054
2019-08-26 11:50:00 -0700,991
2019-08-26 11:55:00 -0700,1112
2019-08-26 12:00:00 -0700,1112
2019-08-26 12:05:00 -0700,1050
2019-08-26 12:10:00 -0700,1151
2019-08-26 12:15:00 -0700,1151
2019-08-26 12:20:00 -0700,1099
2019-08-26 12:25:00 -0700,1240
2019-08-26 12:30:00 -0700,1240
2019-08-26 12:35:00 -0700,1163
2019-08-26 12:40:00 -0700,1267
2019-08-26 12:45:00 -0700,1267
2019-08-26 12:50:00 -0700,1171
2019-08-26 12:55:00 -0700,1185
2019-08-26 13:00:00 -0700,1185
2019-08-26 13:05:00 -0700,1119
2019-08-26 13:10:00 -0700,1260
2019-08-26 13:15:00 -0700,1260
2019-08-26 13:20:00 -0700,1199
2019-08-26 13:25:00 -0700,1360
2019-08-26 13:30:00 -0700,1360
2019-08-26 13:35:00 -0700,1314
2019-08-26 13:40:00 -0700,1672
2019-08-26 13:45:00 -0700,1672
2019-08-26 13:50:00 -0700,1588
2019-08-26 13:55:00 -0700,1732
2019-08-26 14:00:00 -0700,1732
2019-08-26 14:05:00 -0700,1646
2019-08-26 14:10:00 -0700,1885
2019-08-26 14:15:00 -0700,1885
2019-08-26 14:20:00 -0700,1788
2019-08-26 14:25:00 -0700,1994
2019-08-26 14:30:00 -0700,1994
2019-08-26 14:35:00 -0700,1880
2019-08-26 14:40:00 -0700,1976
2019-08-26 14:45:00 -0700,1976
2019-08-26 14:50:00 -0700,1837
2019-08-26 14:55:00 -0700,1948
2019-08-26 15:00:00 -0700,1948
2019-08-26 15:05:00 -0700,1795
2019-08-26 15:10:00 -0700,1879
2019-08-26 15:15:00 -0700,1879
2019-08-26 15:20:00 -0700,1754
2019-08-26 15:25:00 -0700,1793
2019-08-26 15:30:00 -0700,1793
2019-08-26 15:35:00 -0700,1666
2019-08-26 15:40:00 -0700,1693
2019-08-26 15:45:00 -0700,1693
2019-08-26 15:50:00 -0700,1519
2019-08-26 15:55:00 -0700,1608
2019-08-26 16:00:00 -0700,1608
2019-08-26 16:05:00 -0700,1416
2019-08-26 16:10:00 -0700,1507
2019-08-26 16:15:00 -0700,1507
2019-08-26 16:20:00 -0700,1335
2019-08-26 16:25:00 -0700,1381
2019-08-26 16:30:00 -0700,1381
2019-08-26 16:35:00 -0700,1224
2019-08-26 16:40:00 -0700,1244
2019-08-26 16:45:00 -0700,1244
2019-08-26 16:50:00 -0700,1095
2019-08-26 16:55:00 -0700,1103
2019-08-26 17:00:00 -0700,1103
2019-08-26 17:05:00 -0700,968
2019-08-26 17:10:00 -0700,954
2019-08-26 17:15:00 -0700,954
2019-08-26 17:20:00 -0700,841
2019-08-26 17:25:00 -0700,798
2019-08-26 17:30:00 -0700,798
2019-08-26 17:35:00 -0700,704
2019-08-26 17:40:00 -0700,640
2019-08-26 17:45:00 -0700,640
2019-08-26 17:50:00 -0700,557
2019-08-26 17:55:00 -0700,296
2019-08-26 18:00:00 -0700,296
2019-08-26 18:05:00 -0700,259
2019-08-26 18:10:00 -0700,147
2019-08-26 18:15:00 -0700,147
2019-08-26 18:20:00 -0700,129
2019-08-26 18:25:00 -0700,66
2019-08-26 18:30:00 -0700,66
2019-08-26 18:35:00 -0700,59
2019-08-26 18:40:00 -0700,41
2019-08-26 18:45:00 -0700,41
2019-08-26 18:50:00 -0700,36
2019-08-26 18:55:00 -0700,31
2019-08-26 19:00:00 -0700,31
2019-08-26 19:05:00 -0700,27
2019-08-26 19:10:00 -0700,22
2019-08-26 19:15:00 -0700,22
2019-08-26 19:20:00 -0700,20
2019-08-26 19:25:00 -0700,12
2019-08-26 19:30:00 -0700,12
2019-08-26 19:35:00 -0700,10
2019-08-26 19:40:00 -0700,0
2019-08-26 19:45:00 -0700,0
2019-08-26 19:50:00 -0700,0
2019-08-26 19:55:00 -0700,0
2019-08-26 20:00:00 -0700,0
2019-08-26 20:05:00 -0700,0
2019-08-26 20:10:00 -0700,0
2019-08-26 20:15:00 -0700,0
2019-08-26 20:20:00 -0700,0
2019-08-26 20:25:00 -0700,0
2019-08-26 20:30:00 -0700,0
2019-08-26 20:35:00 -0700,0
2019-08-26 20:40:00 -0700,0
2019-08-26 20:45:00 -0700,0
2019-08-26 20:50:00 -0700,0
2019-08-26 20:55:00 -0700,0
2019-08-26 21:00:00 -0700,0
2019-08-26 21:05:00 -0700,0
2019-08-26 21:10:00 -0700,0
2019-08-26 21:15:00 -0700,0
2019-08-26 21:20:00 -0700,0
2019-08-26 21:25:00 -0700,0
2019-08-26 21:30:00 -0700,0
2019-08-26 21:35:00 -0700,0
2019-08-26 21:40:00 -0700,0
2019-08-26 21:45:00 -0700,0
2019-08-26 21:50:00 -0700,0
2019-08-26 21:55:00 -0700,0
2019-08-26 22:00:00 -0700,0
2019-08-26 22:05:00 -0700,0
2019-08-26 22:10:00 -0700,0
2019-08-26 22:15:00 -0700,0
2019-08-26 22:20:00 -0700,0
2019-08-26 22:25:00 -0700,0
2019-08-26 22:30:00 -0700,0
2019-08-26 22:35:00 -0700,0
2019-08-26 22:40:00 -0700,0
2019-08-26 22:45:00 -0700,0
2019-08-26 22:50:00 -0700,0
2019-08-26 22:55:00 -0700,0
2019-08-26 23:00:00 -0700,0
2019-08-26 23:05:00 -0700,0
2019-08-26 23:10:00 -0700,0
2019-08-26 23:15:00 -0700,0
2019-08-26 23:20:00 -0700,0
2019-08-26 23:25:00 -0700,0
2019-08-26 23:30:00 -0700,0
2019-08-26 23:35:00 -0700,0
2019-08-26 23:40:00 -0700,0
2019-08-26 23:45:00 -0700,0
2019-08-26 23:50:00 -0700,0
2019-08-26 23:55:00 -0700,0
2019-08-27 00:00:00 -0700,0
2019-08-27 00:05:00 -0700,0
2019-08-27 00:10:00 -0700,0
2019-08-27 00:15:00 -0700,0
2019-08-27 00:20:00 -0700,0
2019-08-27 00:25:00 -0700,0
2019-08-27 00:30:00 -0700,0
2019-08-27 00:35:00 -0700,0
2019-08-27 00:40:00 -0700,0
2019-08-27 00:45:00 -0700,0
2019-08-27 00:50:00 -0700,0
2019-08-27 00:55:00 -0700,0
2019-08-27 01:00:00 -0700,0
2019-08-27 01:05:00 -0700,0
2019-08-27 01:10:00 -0700,0
2019-08-27 01:15:00 -0700,0
2019-08-27 01:20:00 -0700,0
2019-08-27 01:25:00 -0700,0
2019-08-27 01:30:00 -0700,0
2019-08-27 01:35:00 -0700,0
2019-08-27 01:40:00 -0700,0
2019-08-27 01:45:00 -0700,0
2019-08-27 01:50:00 -0700,0
2019-08-27 01:55:00 -0700,0
2019-08-27 02:00:00 -0700,0
2019-08-27 02:05:00 -0700,0
2019-08-27 02:10:00 -0700,0
2019-08-27 02:15:00 -0700,0
2019-08-27 02:20:00 -0700,0
2019-08-27 02:25:00 -0700,0
2019-08-27 02:30:00 -0700,0
2019-08-27 02:35:00 -0700,0
2019-08-27 02:40:00 -0700,0
2019-08-27 02:45:00 -0700,0
2019-08-27 02:50:00 -0700,0
2019-08-27 02:55:00 -0700,0
2019-08-27 03:00:00 -0700,0
2019-08-27 03:05:00 -0700,0
2019-08-27 03:10:00 -0700,0
2019-08-27 03:15:00 -0700,0
2019-08-27 03:20:00 -0700,0
2019-08-27 03:25:00 -0700,0
2019-08-27 03:30:00 -0700,0
2019-08-27 03:35:00 -0700,0
2019-08-27 03:40:00 -0700,0
2019-08-27 03:45:00 -0700,0
2019-08-27 03:50:00 -0700,0
2019-08-27 03:55:00 -0700,0
2019-08-27 04:00:00 -0700,0
2019-08-27 04:05:00 -0700,0
2019-08-27 04:10:00 -0700,0
2019-08-27 04:15:00 -0700,0
2019-08-27 04:20:00 -0700,0
2019-08-27 04:25:00 -0700,0
2019-08-27 04:30:00 -0700,0
2019-08-27 04:35:00 -0700,0
2019-08-27 04:40:00 -0700,0
2019-08-27 04:45:00 -0700,0
2019-08-27 04:50:00 -0700,0
2019-08-27 04:55:00 -0700,0
2019-08-27 05:00:00 -0700,0
2019-08-27 05:05:00 -0700,0
2019-08-27 05:10:00 -0700,0
2019-08-27 05:15:00 -0700,0
2019-08-27 05:20:00 -0700,0
2019-08-27 05:25:00 -0700,0
2019-08-27 05:30:00 -0700,0
2019-08-27 05:35:00 -0700,0
2019-08-27 05:40:00 -0700,0
2019-08-27 05:45:00 -0700,0
2019-08-27 05:50:00 -0700,0
2019-08-27 05:55:00 -0700,0
2019-08-27 06:00:00 -0700,0
2019-08-27 06:05:00 -0700,0
2019-08-27 06:10:00 -0700,0
2019-08-27 06:15:00 -0700,0
2019-08-27 06:20:00 -0700,0
2019-08-27 06:25:00 -0700,0
2019-08-27 06:30:00 -0700,0
2019-08-27 06:35:00 -0700,0
2019-08-27 06:40:00 -0700,3
2019-08-27 06:45:00 -0700,4
2019-08-27 06:50:00 -0700,4
2019-08-27 06:55:00 -0700,17
2019-08-27 07:00:00 -0700,25
2019-08-27 07:05:00 -0700,25
2019-08-27 07:10:00 -0700,26
2019-08-27 07:15:00 -0700,26
2019-08-27 07:20:00 -0700,26
2019-08-27 07:25:00 -0700,94
2019-08-27 07:30:00 -0700,121
2019-08-27 07:35:00 -0700,121
2019-08-27 07:40:00 -0700,218
2019-08-27 07:45:00 -0700,261
2019-08-27 07:50:00 -0700,261
2019-08-27 07:55:00 -0700,290
2019-08-27 08:00:00 -0700,332
2019-08-27 08:05:00 -0700,332
2019-08-27 08:10:00 -0700,287
2019-08-27 08:15:00 -0700,316
2019-08-27 08:20:00 -0700,316
2019-08-27 08:25:00 -0700,241
2019-08-27 08:30:00 -0700,258
2019-08-27 08:35:00 -0700,258
2019-08-27 08:40:00 -0700,245
2019-08-27 08:45:00 -0700,273
2019-08-27 08:50:00 -0700,273
2019-08-27 08:55:00 -0700,275
2019-08-27 09:00:00 -0700,310
2019-08-27 09:05:00 -0700,310
2019-08-27 09:10:00 -0700,317
2019-08-27 09:15:00 -0700,360
2019-08-27 09:20:00 -0700,360
2019-08-27 09:25:00 -0700,321
2019-08-27 09:30:00 -0700,354
2019-08-27 09:35:00 -0700,354
2019-08-27 09:40:00 -0700,326
2019-08-27 09:45:00 -0700,361
2019-08-27 09:50:00 -0700,361
2019-08-27 09:55:00 -0700,291
2019-08-27 10:00:00 -0700,306
2019-08-27 10:05:00 -0700,306
2019-08-27 10:10:00 -0700,258
2019-08-27 10:15:00 -0700,274
2019-08-27 10:20:00 -0700,274
2019-08-27 10:25:00 -0700,266
2019-08-27 10:30:00 -0700,297
2019-08-27 10:35:00 -0700,297
2019-08-27 10:40:00 -0700,368
2019-08-27 10:45:00 -0700,426
2019-08-27 10:50:00 -0700,426
2019-08-27 10:55:00 -0700,517
2019-08-27 11:00:00 -0700,592
2019-08-27 11:05:00 -0700,592
2019-08-27 11:10:00 -0700,651
2019-08-27 11:15:00 -0700,721
2019-08-27 11:20:00 -0700,721
2019-08-27 11:25:00 -0700,797
2019-08-27 11:30:00 -0700,884
2019-08-27 11:35:00 -0700,884
2019-08-27 11:40:00 -0700,942
2019-08-27 11:45:00 -0700,1040
2019-08-27 11:50:00 -0700,1040
2019-08-27 11:55:00 -0700,976
2019-08-27 12:00:00 -0700,1064
2019-08-27 12:05:00 -0700,1064
2019-08-27 12:10:00 -0700,1075
2019-08-27 12:15:00 -0700,1180
2019-08-27 12:20:00 -0700,1180
2019-08-27 12:25:00 -0700,1161
2019-08-27 12:30:00 -0700,1259
2019-08-27 12:35:00 -0700,1259
2019-08-27 12:40:00 -0700,1163
2019-08-27 12:45:00 -0700,1231
2019-08-27 12:50:00 -0700,1231
2019-08-27 12:55:00 -0700,1096
2019-08-27 13:00:00 -0700,1169
2019-08-27 13:05:00 -0700,1169
2019-08-27 13:10:00 -0700,1245
2019-08-27 13:15:00 -0700,1419
2019-08-27 13:20:00 -0700,1419
2019-08-27 13:25:00 -0700,1372
2019-08-27 13:30:00 -0700,1500
2019-08-27 13:35:00 -0700,1500
2019-08-27 13:40:00 -0700,1422
2019-08-27 13:45:00 -0700,1557
2019-08-27 13:50:00 -0700,1557
2019-08-27 13:55:00 -0700,1300
2019-08-27 14:00:00 -0700,1375
2019-08-27 14:05:00 -0700,1375
2019-08-27 14:10:00 -0700,1234
2019-08-27 14:15:00 -0700,1360
2019-08-27 14:20:00 -0700,1360
2019-08-27 14:25:00 -0700,1031
2019-08-27 14:30:00 -0700,1051
2019-08-27 14:35:00 -0700,1051
2019-08-27 14:40:00 -0700,798
2019-08-27 14:45:00 -0700,821
2019-08-27 14:50:00 -0700,821
2019-08-27 14:55:00 -0700,622
2019-08-27 15:00:00 -0700,633
2019-08-27 15:05:00 -0700,633
2019-08-27 15:10:00 -0700,1037
2019-08-27 15:15:00 -0700,1443
2019-08-27 15:20:00 -0700,1443
2019-08-27 15:25:00 -0700,1466
2019-08-27 15:30:00 -0700,1602
2019-08-27 15:35:00 -0700,1602
2019-08-27 15:40:00 -0700,1514
2019-08-27 15:45:00 -0700,1644
2019-08-27 15:50:00 -0700,1644
2019-08-27 15:55:00 -0700,1470
2019-08-27 16:00:00 -0700,1617
2019-08-27 16:05:00 -0700,1617
2019-08-27 16:10:00 -0700,1365
2019-08-27 16:15:00 -0700,1485
2019-08-27 16:20:00 -0700,1485
2019-08-27 16:25:00 -0700,1253
2019-08-27 16:30:00 -0700,1352
2019-08-27 16:35:00 -0700,1352
2019-08-27 16:40:00 -0700,1134
2019-08-27 16:45:00 -0700,1214
2019-08-27 16:50:00 -0700,1214
2019-08-27 16:55:00 -0700,995
2019-08-27 17:00:00 -0700,1071
2019-08-27 17:05:00 -0700,1071
2019-08-27 17:10:00 -0700,867
2019-08-27 17:15:00 -0700,919
2019-08-27 17:20:00 -0700,919
2019-08-27 17:25:00 -0700,733
2019-08-27 17:30:00 -0700,763
2019-08-27 17:35:00 -0700,763
2019-08-27 17:40:00 -0700,594
2019-08-27 17:45:00 -0700,595
2019-08-27 17:50:00 -0700,595
2019-08-27 17:55:00 -0700,336
2019-08-27 18:00:00 -0700,231
2019-08-27 18:05:00 -0700,231
2019-08-27 18:10:00 -0700,143
2019-08-27 18:15:00 -0700,111
2019-08-27 18:20:00 -0700,111
2019-08-27 18:25:00 -0700,71
2019-08-27 18:30:00 -0700,57
2019-08-27 18:35:00 -0700,57
2019-08-27 18:40:00 -0700,39
2019-08-27 18:45:00 -0700,35
2019-08-27 18:50:00 -0700,35
2019-08-27 18:55:00 -0700,27
2019-08-27 19:00:00 -0700,27
2019-08-27 19:05:00 -0700,27
2019-08-27 19:10:00 -0700,10
2019-08-27 19:15:00 -0700,0
2019-08-27 19:20:00 -0700,0
2019-08-27 19:25:00 -0700,0
2019-08-27 19:30:00 -0700,0
2019-08-27 19:35:00 -0700,0
2019-08-27 19:40:00 -0700,0
2019-08-27 19:45:00 -0700,0
2019-08-27 19:50:00 -0700,0
2019-08-27 19:55:00 -0700,0
2019-08-27 20:00:00 -0700,0
2019-08-27 20:05:00 -0700,0
2019-08-27 20:10:00 -0700,0
2019-08-27 20:15:00 -0700,0
2019-08-27 20:20:00 -0700,0
2019-08-27 20:25:00 -0700,0
2019-08-27 20:30:00 -0700,0
2019-08-27 20:35:00 -0700,0
2019-08-27 20:40:00 -0700,0
2019-08-27 20:45:00 -0700,0
2019-08-27 20:50:00 -0700,0
2019-08-27 20:55:00 -0700,0
2019-08-27 21:00:00 -0700,0
2019-08-27 21:05:00 -0700,0
2019-08-27 21:10:00 -0700,0
2019-08-27 21:15:00 -0700,0
2019-08-27 21:20:00 -0700,0
2019-08-27 21:25:00 -0700,0
2019-08-27 21:30:00 -0700,0
2019-08-27 21:35:00 -0700,0
2019-08-27 21:40:00 -0700,0
2019-08-27 21:45:00 -0700,0
2019-08-27 21:50:00 -0700,0
2019-08-27 21:55:00 -0700,0
2019-08-27 22:00:00 -0700,0
2019-08-27 22:05:00 -0700,0
2019-08-27 22:10:00 -0700,0
2019-08-27 22:15:00 -0700,0
2019-08-27 22:20:00 -0700,0
2019-08-27 22:25:00 -0700,0
2019-08-27 22:30:00 -0700,0
2019-08-27 22:35:00 -0700,0
2019-08-27 22:40:00 -0700,0
2019-08-27 22:45:00 -0700,0
2019-08-27 22:50:00 -0700,0
2019-08-27 22:55:00 -0700,0
2019-08-27 23:00:00 -0700,0
2019-08-27 23:05:00 -0700,0
2019-08-27 23:10:00 -0700,0
2019-08-27 23:15:00 -0700,0
2019-08-27 23:20:00 -0700,0
2019-08-27 23:25:00 -0700,0
2019-08-27 23:30:00 -0700,0
2019-08-27 23:35:00 -0700,0
2019-08-27 23:40:00 -0700,0
2019-08-27 23:45:00 -0700,0
2019-08-27 23:50:00 -0700,0
2019-08-27 23:55:00 -0700,0
2019-08-28 00:00:00 -0700,0
2019-08-28 00:05:00 -0700,0
2019-08-28 00:10:00 -0700,0
2019-08-28 00:15:00 -0700,0
2019-08-28 00:20:00 -0700,0
2019-08-28 00:25:00 -0700,0
2019-08-28 00:30:00 -0700,0
2019-08-28 00:35:00 -0700,0
2019-08-28 00:40:00 -0700,0
2019-08-28 00:45:00 -0700,0
2019-08-28 00:50:00 -0700,0
2019-08-28 00:55:00 -0700,0
2019-08-28 01:00:00 -0700,0
2019-08-28 01:05:00 -0700,0
2019-08-28 01:10:00 -0700,0
2019-08-28 01:15:00 -0700,0
2019-08-28 01:20:00 -0700,0
2019-08-28 01:25:00 -0700,0
2019-08-28 01:30:00 -0700,0
2019-08-28 01:35:00 -0700,0
2019-08-28 01:40:00 -0700,0
2019-08-28 01:45:00 -0700,0
2019-08-28 01:50:00 -0700,0
2019-08-28 01:55:00 -0700,0
2019-08-28 02:00:00 -0700,0
2019-08-28 02:05:00 -0700,0
2019-08-28 02:10:00 -0700,0
2019-08-28 02:15:00 -0700,0
2019-08-28 02:20:00 -0700,0
2019-08-28 02:25:00 -0700,0
2019-08-28 02:30:00 -0700,0
2019-08-28 02:35:00 -0700,0
2019-08-28 02:40:00 -0700,0
2019-08-28 02:45:00 -0700,0
2019-08-28 02:50:00 -0700,0
2019-08-28 02:55:00 -0700,0
2019-08-28 03:00:00 -0700,0
2019-08-28 03:05:00 -0700,0
2019-08-28 03:10:00 -0700,0
2019-08-28 03:15:00 -0700,0
2019-08-28 03:20:00 -0700,0
2019-08-28 03:25:00 -0700,0
2019-08-28 03:30:00 -0700,0
2019-08-28 03:35:00 -0700,0
2019-08-28 03:40:00 -0700,0
2019-08-28 03:45:00 -0700,0
2019-08-28 03:50:00 -0700,0
2019-08-28 03:55:00 -0700,0
2019-08-28 04:00:00 -0700,0
2019-08-28 04:05:00 -0700,0
2019-08-28 04:10:00 -0700,0
2019-08-28 04:15:00 -0700,0
2019-08-28 04:20:00 -0700,0
2019-08-28 04:25:00 -0700,0
2019-08-28 04:30:00 -0700,0
2019-08-28 04:35:00 -0700,0
2019-08-28 04:40:00 -0700,0
2019-08-28 04:45:00 -0700,0
2019-08-28 04:50:00 -0700,0
2019-08-28 04:55:00 -0700,0
2019-08-28 05:00:00 -0700,0
2019-08-28 05:05:00 -0700,0
2019-08-28 05:10:00 -0700,0
2019-08-28 05:15:00 -0700,0
2019-08-28 05:20:00 -0700,0
2019-08-28 05:25:00 -0700,0
2019-08-28 05:30:00 -0700,0
2019-08-28 05:35:00 -0700,0
2019-08-28 05:40:00 -0700,0
2019-08-28 05:45:00 -0700,0
2019-08-28 05:50:00 -0700,0
2019-08-28 05:55:00 -0700,0
2019-08-28 06:00:00 -0700,0
2019-08-28 06:05:00 -0700,0
2019-08-28 06:10:00 -0700,0
2019-08-28 06:15:00 -0700,0
2019-08-28 06:20:00 -0700,0
2019-08-28 06:25:00 -0700,0
2019-08-28 06:30:00 -0700,0
2019-08-28 06:35:00 -0700,0
2019-08-28 06:40:00 -0700,1
2019-08-28 06:45:00 -0700,5
2019-08-28 06:50:00 -0700,5
2019-08-28 06:55:00 -0700,8
2019-08-28 07:00:00 -0700,29
2019-08-28 07:05:00 -0700,29
2019-08-28 07:10:00 -0700,30
2019-08-28 07:15:00 -0700,32
2019-08-28 07:20:00 -0700,32
2019-08-28 07:25:00 -0700,34
2019-08-28 07:30:00 -0700,50
2019-08-28 07:35:00 -0700,50
2019-08-28 07:40:00 -0700,46
2019-08-28 07:45:00 -0700,53
2019-08-28 07:50:00 -0700,53
2019-08-28 07:55:00 -0700,62
2019-08-28 08:00:00 -0700,107
2019-08-28 08:05:00 -0700,107
2019-08-28 08:10:00 -0700,126
2019-08-28 08:15:00 -0700,210
2019-08-28 08:20:00 -0700,210
2019-08-28 08:25:00 -0700,202
2019-08-28 08:30:00 -0700,253
2019-08-28 08:35:00 -0700,253
2019-08-28 08:40:00 -0700,236
2019-08-28 08:45:00 -0700,280
2019-08-28 08:50:00 -0700,280
2019-08-28 08:55:00 -0700,251
2019-08-28 09:00:00 -0700,272
2019-08-28 09:05:00 -0700,272
2019-08-28 09:10:00 -0700,270
2019-08-28 09:15:00 -0700,368
2019-08-28 09:20:00 -0700,368
2019-08-28 09:25:00 -0700,342
2019-08-28 09:30:00 -0700,409
2019-08-28 09:35:00 -0700,409
2019-08-28 09:40:00 -0700,396
2019-08-28 09:45:00 -0700,510
2019-08-28 09:50:00 -0700,510
2019-08-28 09:55:00 -0700,463
2019-08-28 10:00:00 -0700,495
2019-08-28 10:05:00 -0700,495
2019-08-28 10:10:00 -0700,475
2019-08-28 10:15:00 -0700,598
2019-08-28 10:20:00 -0700,598
2019-08-28 10:25:00 -0700,535
2019-08-28 10:30:00 -0700,579
2019-08-28 10:35:00 -0700,579
2019-08-28 10:40:00 -0700,470
2019-08-28 10:45:00 -0700,326
2019-08-28 10:50:00 -0700,326
2019-08-28 10:55:00 -0700,313
2019-08-28 11:00:00 -0700,413
2019-08-28 11:05:00 -0700,413
2019-08-28 11:10:00 -0700,362
2019-08-28 11:15:00 -0700,358
2019-08-28 11:20:00 -0700,358
2019-08-28 11:25:00 -0700,377
2019-08-28 11:30:00 -0700,634
2019-08-28 11:35:00 -0700,634
2019-08-28 11:40:00 -0700,643
2019-08-28 11:45:00 -0700,1014
2019-08-28 11:50:00 -0700,1014
2019-08-28 11:55:00 -0700,908
2019-08-28 12:00:00 -0700,965
2019-08-28 12:05:00 -0700,965
2019-08-28 12:10:00 -0700,956
2019-08-28 12:15:00 -0700,1263
2019-08-28 12:20:00 -0700,1263
2019-08-28 12:25:00 -0700,1183
2019-08-28 12:30:00 -0700,1292
2019-08-28 12:35:00 -0700,1292
2019-08-28 12:40:00 -0700,1188
2019-08-28 12:45:00 -0700,1232
2019-08-28 12:50:00 -0700,1232
2019-08-28 12:55:00 -0700,1124
2019-08-28 13:00:00 -0700,1191
2019-08-28 13:05:00 -0700,1191
2019-08-28 13:10:00 -0700,1129
2019-08-28 13:15:00 -0700,1258
2019-08-28 13:20:00 -0700,1258
2019-08-28 13:25:00 -0700,1183
2019-08-28 13:30:00 -0700,1325
2019-08-28 13:35:00 -0700,1325
2019-08-28 13:40:00 -0700,1269
2019-08-28 13:45:00 -0700,1554
2019-08-28 13:50:00 -0700,1554
2019-08-28 13:55:00 -0700,1463
2019-08-28 14:00:00 -0700,1674
2019-08-28 14:05:00 -0700,1674
2019-08-28 14:10:00 -0700,1620
2019-08-28 14:15:00 -0700,1984
2019-08-28 14:20:00 -0700,1984
2019-08-28 14:25:00 -0700,1883
2019-08-28 14:30:00 -0700,1988
2019-08-28 14:35:00 -0700,1988
2019-08-28 14:40:00 -0700,1877
2019-08-28 14:45:00 -0700,1953
2019-08-28 14:50:00 -0700,1953
2019-08-28 14:55:00 -0700,1839
2019-08-28 15:00:00 -0700,1929
2019-08-28 15:05:00 -0700,1929
2019-08-28 15:10:00 -0700,1802
2019-08-28 15:15:00 -0700,1870
2019-08-28 15:20:00 -0700,1870
2019-08-28 15:25:00 -0700,1621
2019-08-28 15:30:00 -0700,1730
2019-08-28 15:35:00 -0700,1730
2019-08-28 15:40:00 -0700,1730
2019-08-28 15:45:00 -0700,1730
2019-08-28 15:50:00 -0700,1730
2019-08-28 15:55:00 -0700,1536
2019-08-28 16:00:00 -0700,1588
2019-08-28 16:05:00 -0700,1588
2019-08-28 16:10:00 -0700,1401
2019-08-28 16:15:00 -0700,1471
2019-08-28 16:20:00 -0700,1471
2019-08-28 16:25:00 -0700,1310
2019-08-28 16:30:00 -0700,1337
2019-08-28 16:35:00 -0700,1337
2019-08-28 16:40:00 -0700,1194
2019-08-28 16:45:00 -0700,1192
2019-08-28 16:50:00 -0700,1192
2019-08-28 16:55:00 -0700,1060
2019-08-28 17:00:00 -0700,1046
2019-08-28 17:05:00 -0700,1046
2019-08-28 17:10:00 -0700,928
2019-08-28 17:15:00 -0700,892
2019-08-28 17:20:00 -0700,892
2019-08-28 17:25:00 -0700,785
2019-08-28 17:30:00 -0700,735
2019-08-28 17:35:00 -0700,735
2019-08-28 17:40:00 -0700,649
2019-08-28 17:45:00 -0700,544
2019-08-28 17:50:00 -0700,544
2019-08-28 17:55:00 -0700,470
2019-08-28 18:00:00 -0700,192
2019-08-28 18:05:00 -0700,192
2019-08-28 18:10:00 -0700,169
2019-08-28 18:15:00 -0700,97
2019-08-28 18:20:00 -0700,97
2019-08-28 18:25:00 -0700,86
2019-08-28 18:30:00 -0700,57
2019-08-28 18:35:00 -0700,57
2019-08-28 18:40:00 -0700,51
2019-08-28 18:45:00 -0700,39
2019-08-28 18:50:00 -0700,39
2019-08-28 18:55:00 -0700,35
2019-08-28 19:00:00 -0700,27
2019-08-28 19:05:00 -0700,27
2019-08-28 19:10:00 -0700,24
2019-08-28 19:15:00 -0700,15
2019-08-28 19:20:00 -0700,15
2019-08-28 19:25:00 -0700,14
2019-08-28 19:30:00 -0700,4
2019-08-28 19:35:00 -0700,4
2019-08-28 19:40:00 -0700,4
2019-08-28 19:45:00 -0700,0
2019-08-28 19:50:00 -0700,0
2019-08-28 19:55:00 -0700,0
2019-08-28 20:00:00 -0700,0
2019-08-28 20:05:00 -0700,0
2019-08-28 20:10:00 -0700,0
2019-08-28 20:15:00 -0700,0
2019-08-28 20:20:00 -0700,0
2019-08-28 20:25:00 -0700,0
2019-08-28 20:30:00 -0700,0
2019-08-28 20:35:00 -0700,0
2019-08-28 20:40:00 -0700,0
2019-08-28 20:45:00 -0700,0
2019-08-28 20:50:00 -0700,0
2019-08-28 20:55:00 -0700,0
2019-08-28 21:00:00 -0700,0
2019-08-28 21:05:00 -0700,0
2019-08-28 21:10:00 -0700,0
2019-08-28 21:15:00 -0700,0
2019-08-28 21:20:00 -0700,0
2019-08-28 21:25:00 -0700,0
2019-08-28 21:30:00 -0700,0
2019-08-28 21:35:00 -0700,0
2019-08-28 21:40:00 -0700,0
2019-08-28 21:45:00 -0700,0
2019-08-28 21:50:00 -0700,0
2019-08-28 21:55:00 -0700,0
2019-08-28 22:00:00 -0700,0
2019-08-28 22:05:00 -0700,0
2019-08-28 22:10:00 -0700,0
2019-08-28 22:15:00 -0700,0
2019-08-28 22:20:00 -0700,0
2019-08-28 22:25:00 -0700,0
2019-08-28 22:30:00 -0700,0
2019-08-28 22:35:00 -0700,0
2019-08-28 22:40:00 -0700,0
2019-08-28 22:45:00 -0700,0
2019-08-28 22:50:00 -0700,0
2019-08-28 22:55:00 -0700,0
2019-08-28 23:00:00 -0700,0
2019-08-28 23:05:00 -0700,0
2019-08-28 23:10:00 -0700,0
2019-08-28 23:15:00 -0700,0
2019-08-28 23:20:00 -0700,0
2019-08-28 23:25:00 -0700,0
2019-08-28 23:30:00 -0700,0
2019-08-28 23:35:00 -0700,0
2019-08-28 23:40:00 -0700,0
2019-08-28 23:45:00 -0700,0
2019-08-28 23:50:00 -0700,0
2019-08-28 23:55:00 -0700,0
2019-08-29 00:00:00 -0700,0
2019-08-29 00:05:00 -0700,0
2019-08-29 00:10:00 -0700,0
2019-08-29 00:15:00 -0700,0
2019-08-29 00:20:00 -0700,0
2019-08-29 00:25:00 -0700,0
2019-08-29 00:30:00 -0700,0
2019-08-29 00:35:00 -0700,0
2019-08-29 00:40:00 -0700,0
2019-08-29 00:45:00 -0700,0
2019-08-29 00:50:00 -0700,0
2019-08-29 00:55:00 -0700,0
2019-08-29 01:00:00 -0700,0
2019-08-29 01:05:00 -0700,0
2019-08-29 01:10:00 -0700,0
2019-08-29 01:15:00 -0700,0
2019-08-29 01:20:00 -0700,0
2019-08-29 01:25:00 -0700,0
2019-08-29 01:30:00 -0700,0
2019-08-29 01:35:00 -0700,0
2019-08-29 01:40:00 -0700,0
2019-08-29 01:45:00 -0700,0
2019-08-29 01:50:00 -0700,0
2019-08-29 01:55:00 -0700,0
2019-08-29 02:00:00 -0700,0
2019-08-29 02:05:00 -0700,0
2019-08-29 02:10:00 -0700,0
2019-08-29 02:15:00 -0700,0
2019-08-29 02:20:00 -0700,0
2019-08-29 02:25:00 -0700,0
2019-08-29 02:30:00 -0700,0
2019-08-29 02:35:00 -0700,0
2019-08-29 02:40:00 -0700,0
2019-08-29 02:45:00 -0700,0
2019-08-29 02:50:00 -0700,0
2019-08-29 02:55:00 -0700,0
2019-08-29 03:00:00 -0700,0
2019-08-29 03:05:00 -0700,0
2019-08-29 03:10:00 -0700,0
2019-08-29 03:15:00 -0700,0
2019-08-29 03:20:00 -0700,0
2019-08-29 03:25:00 -0700,0
2019-08-29 03:30:00 -0700,0
2019-08-29 03:35:00 -0700,0
2019-08-29 03:40:00 -0700,0
2019-08-29 03:45:00 -0700,0
2019-08-29 03:50:00 -0700,0
2019-08-29 03:55:00 -0700,0
2019-08-29 04:00:00 -0700,0
2019-08-29 04:05:00 -0700,0
2019-08-29 04:10:00 -0700,0
2019-08-29 04:15:00 -0700,0
2019-08-29 04:20:00 -0700,0
2019-08-29 04:25:00 -0700,0
2019-08-29 04:30:00 -0700,0
2019-08-29 04:35:00 -0700,0
2019-08-29 04:40:00 -0700,0
2019-08-29 04:45:00 -0700,0
2019-08-29 04:50:00 -0700,0
2019-08-29 04:55:00 -0700,0
2019-08-29 05:00:00 -0700,0
2019-08-29 05:05:00 -0700,0
2019-08-29 05:10:00 -0700,0
2019-08-29 05:15:00 -0700,0
2019-08-29 05:20:00 -0700,0
2019-08-29 05:25:00 -0700,0
2019-08-29 05:30:00 -0700,0
2019-08-29 05:35:00 -0700,0
2019-08-29 05:40:00 -0700,0
2019-08-29 05:45:00 -0700,0
2019-08-29 05:50:00 -0700,0
2019-08-29 05:55:00 -0700,0
2019-08-29 06:00:00 -0700,0
2019-08-29 06:05:00 -0700,0
2019-08-29 06:10:00 -0700,0
2019-08-29 06:15:00 -0700,0
2019-08-29 06:20:00 -0700,0
2019-08-29 06:25:00 -0700,0
2019-08-29 06:30:00 -0700,0
2019-08-29 06:35:00 -0700,0
2019-08-29 06:40:00 -0700,0
2019-08-29 06:45:00 -0700,0
2019-08-29 06:50:00 -0700,0
2019-08-29 06:55:00 -0700,0
2019-08-29 07:00:00 -0700,9
2019-08-29 07:05:00 -0700,13
2019-08-29 07:10:00 -0700,13
2019-08-29 07:15:00 -0700,13
2019-08-29 07:20:00 -0700,13
2019-08-29 07:25:00 -0700,13
2019-08-29 07:30:00 -0700,34
2019-08-29 07:35:00 -0700,43
2019-08-29 07:40:00 -0700,43
2019-08-29 07:45:00 -0700,50
2019-08-29 07:50:00 -0700,56
2019-08-29 07:55:00 -0700,56
2019-08-29 08:00:00 -0700,81
2019-08-29 08:05:00 -0700,94
2019-08-29 08:10:00 -0700,94
2019-08-29 08:15:00 -0700,101
2019-08-29 08:20:00 -0700,113
2019-08-29 08:25:00 -0700,113
2019-08-29 08:30:00 -0700,139
2019-08-29 08:35:00 -0700,157
2019-08-29 08:40:00 -0700,157
2019-08-29 08:45:00 -0700,185
2019-08-29 08:50:00 -0700,212
2019-08-29 08:55:00 -0700,212
2019-08-29 09:00:00 -0700,211
2019-08-29 09:05:00 -0700,236
2019-08-29 09:10:00 -0700,236
2019-08-29 09:15:00 -0700,241
2019-08-29 09:20:00 -0700,272
2019-08-29 09:25:00 -0700,272
2019-08-29 09:30:00 -0700,328
2019-08-29 09:35:00 -0700,379
2019-08-29 09:40:00 -0700,379
2019-08-29 09:45:00 -0700,396
2019-08-29 09:50:00 -0700,448
2019-08-29 09:55:00 -0700,448
2019-08-29 10:00:00 -0700,409
2019-08-29 10:05:00 -0700,457
2019-08-29 10:10:00 -0700,457
2019-08-29 10:15:00 -0700,468
2019-08-29 10:20:00 -0700,532
2019-08-29 10:25:00 -0700,532
2019-08-29 10:30:00 -0700,538
2019-08-29 10:35:00 -0700,612
2019-08-29 10:40:00 -0700,612
2019-08-29 10:45:00 -0700,480
2019-08-29 10:50:00 -0700,505
2019-08-29 10:55:00 -0700,505
2019-08-29 11:00:00 -0700,523
2019-08-29 11:05:00 -0700,596
2019-08-29 11:10:00 -0700,596
2019-08-29 11:15:00 -0700,713
2019-08-29 11:20:00 -0700,819
2019-08-29 11:25:00 -0700,819
2019-08-29 11:30:00 -0700,903
2019-08-29 11:35:00 -0700,997
2019-08-29 11:40:00 -0700,997
2019-08-29 11:45:00 -0700,938
2019-08-29 11:50:00 -0700,1055
2019-08-29 11:55:00 -0700,1055
2019-08-29 12:00:00 -0700,1042
2019-08-29 12:05:00 -0700,1094
2019-08-29 12:10:00 -0700,1094
2019-08-29 12:15:00 -0700,1140
2019-08-29 12:20:00 -0700,1245
2019-08-29 12:25:00 -0700,1245
2019-08-29 12:30:00 -0700,1159
2019-08-29 12:35:00 -0700,1243
2019-08-29 12:40:00 -0700,1243
2019-08-29 12:45:00 -0700,1115
2019-08-29 12:50:00 -0700,1166
2019-08-29 12:55:00 -0700,1166
2019-08-29 13:00:00 -0700,1139
2019-08-29 13:05:00 -0700,1218
2019-08-29 13:10:00 -0700,1218
2019-08-29 13:15:00 -0700,1191
2019-08-29 13:20:00 -0700,1283
2019-08-29 13:25:00 -0700,1283
2019-08-29 13:30:00 -0700,1253
2019-08-29 13:35:00 -0700,1364
2019-08-29 13:40:00 -0700,1364
2019-08-29 13:45:00 -0700,1344
2019-08-29 13:50:00 -0700,1476
2019-08-29 13:55:00 -0700,1476
2019-08-29 14:00:00 -0700,1505
2019-08-29 14:05:00 -0700,1684
2019-08-29 14:10:00 -0700,1684
2019-08-29 14:15:00 -0700,1803
2019-08-29 14:20:00 -0700,2023
2019-08-29 14:25:00 -0700,2023
2019-08-29 14:30:00 -0700,1883
2019-08-29 14:35:00 -0700,2011
2019-08-29 14:40:00 -0700,2011
2019-08-29 14:45:00 -0700,1856
2019-08-29 14:50:00 -0700,1956
2019-08-29 14:55:00 -0700,1956
2019-08-29 15:00:00 -0700,1839
2019-08-29 15:05:00 -0700,1949
2019-08-29 15:10:00 -0700,1949
2019-08-29 15:15:00 -0700,1788
2019-08-29 15:20:00 -0700,1891
2019-08-29 15:25:00 -0700,1891
2019-08-29 15:30:00 -0700,1709
2019-08-29 15:35:00 -0700,1798
2019-08-29 15:40:00 -0700,1798
2019-08-29 15:45:00 -0700,1626
2019-08-29 15:50:00 -0700,1697
2019-08-29 15:55:00 -0700,1697
2019-08-29 16:00:00 -0700,1481
2019-08-29 16:05:00 -0700,1609
2019-08-29 16:10:00 -0700,1609
2019-08-29 16:15:00 -0700,1361
2019-08-29 16:20:00 -0700,1484
2019-08-29 16:25:00 -0700,1484
2019-08-29 16:30:00 -0700,1245
2019-08-29 16:35:00 -0700,1344
2019-08-29 16:40:00 -0700,1344
2019-08-29 16:45:00 -0700,1121
2019-08-29 16:50:00 -0700,1203
2019-08-29 16:55:00 -0700,1203
2019-08-29 17:00:00 -0700,986
2019-08-29 17:05:00 -0700,1050
2019-08-29 17:10:00 -0700,1050
2019-08-29 17:15:00 -0700,846
2019-08-29 17:20:00 -0700,893
2019-08-29 17:25:00 -0700,893
2019-08-29 17:30:00 -0700,703
2019-08-29 17:35:00 -0700,727
2019-08-29 17:40:00 -0700,727
2019-08-29 17:45:00 -0700,520
2019-08-29 17:50:00 -0700,491
2019-08-29 17:55:00 -0700,491
2019-08-29 18:00:00 -0700,257
2019-08-29 18:05:00 -0700,164
2019-08-29 18:10:00 -0700,164
2019-08-29 18:15:00 -0700,101
2019-08-29 18:20:00 -0700,80
2019-08-29 18:25:00 -0700,80
2019-08-29 18:30:00 -0700,54
2019-08-29 18:35:00 -0700,48
2019-08-29 18:40:00 -0700,48
2019-08-29 18:45:00 -0700,36
2019-08-29 18:50:00 -0700,35
2019-08-29 18:55:00 -0700,35
2019-08-29 19:00:00 -0700,26
2019-08-29 19:05:00 -0700,25
2019-08-29 19:10:00 -0700,25
2019-08-29 19:15:00 -0700,17
2019-08-29 19:20:00 -0700,14
2019-08-29 19:25:00 -0700,14
2019-08-29 19:30:00 -0700,6
2019-08-29 19:35:00 -0700,2
2019-08-29 19:40:00 -0700,2
2019-08-29 19:45:00 -0700,1
2019-08-29 19:50:00 -0700,0
2019-08-29 19:55:00 -0700,0
2019-08-29 20:00:00 -0700,0
2019-08-29 20:05:00 -0700,0
2019-08-29 20:10:00 -0700,0
2019-08-29 20:15:00 -0700,0
2019-08-29 20:20:00 -0700,0
2019-08-29 20:25:00 -0700,0
2019-08-29 20:30:00 -0700,0
2019-08-29 20:35:00 -0700,0
2019-08-29 20:40:00 -0700,0
2019-08-29 20:45:00 -0700,0
2019-08-29 20:50:00 -0700,0
2019-08-29 20:55:00 -0700,0
2019-08-29 21:00:00 -0700,0
2019-08-29 21:05:00 -0700,0
2019-08-29 21:10:00 -0700,0
2019-08-29 21:15:00 -0700,0
2019-08-29 21:20:00 -0700,0
2019-08-29 21:25:00 -0700,0
2019-08-29 21:30:00 -0700,0
2019-08-29 21:35:00 -0700,0
2019-08-29 21:40:00 -0700,0
2019-08-29 21:45:00 -0700,0
2019-08-29 21:50:00 -0700,0
2019-08-29 21:55:00 -0700,0
2019-08-29 22:00:00 -0700,0
2019-08-29 22:05:00 -0700,0
2019-08-29 22:10:00 -0700,0
2019-08-29 22:15:00 -0700,0
2019-08-29 22:20:00 -0700,0
2019-08-29 22:25:00 -0700,0
2019-08-29 22:30:00 -0700,0
2019-08-29 22:35:00 -0700,0
2019-08-29 22:40:00 -0700,0
2019-08-29 22:45:00 -0700,0
2019-08-29 22:50:00 -0700,0
2019-08-29 22:55:00 -0700,0
2019-08-29 23:00:00 -0700,0
2019-08-29 23:05:00 -0700,0
2019-08-29 23:10:00 -0700,0
2019-08-29 23:15:00 -0700,0
2019-08-29 23:20:00 -0700,0
2019-08-29 23:25:00 -0700,0
2019-08-29 23:30:00 -0700,0
2019-08-29 23:35:00 -0700,0
2019-08-29 23:40:00 -0700,0
2019-08-29 23:45:00 -0700,0
2019-08-29 23:50:00 -0700,0
2019-08-29 23:55:00 -0700,0
2019-08-30 00:00:00 -0700,0
2019-08-30 00:05:00 -0700,0
2019-08-30 00:10:00 -0700,0
2019-08-30 00:15:00 -0700,0
2019-08-30 00:20:00 -0700,0
2019-08-30 00:25:00 -0700,0
2019-08-30 00:30:00 -0700,0
2019-08-30 00:35:00 -0700,0
2019-08-30 00:40:00 -0700,0
2019-08-30 00:45:00 -0700,0
2019-08-30 00:50:00 -0700,0
2019-08-30 00:55:00 -0700,0
2019-08-30 01:00:00 -0700,0
2019-08-30 01:05:00 -0700,0
2019-08-30 01:10:00 -0700,0
2019-08-30 01:15:00 -0700,0
2019-08-30 01:20:00 -0700,0
2019-08-30 01:25:00 -0700,0
2019-08-30 01:30:00 -0700,0
2019-08-30 01:35:00 -0700,0
2019-08-30 01:40:00 -0700,0
2019-08-30 01:45:00 -0700,0
2019-08-30 01:50:00 -0700,0
2019-08-30 01:55:00 -0700,0
2019-08-30 02:00:00 -0700,0
2019-08-30 02:05:00 -0700,0
2019-08-30 02:10:00 -0700,0
2019-08-30 02:15:00 -0700,0
2019-08-30 02:20:00 -0700,0
2019-08-30 02:25:00 -0700,0
2019-08-30 02:30:00 -0700,0
2019-08-30 02:35:00 -0700,0
2019-08-30 02:40:00 -0700,0
2019-08-30 02:45:00 -0700,0
2019-08-30 02:50:00 -0700,0
2019-08-30 02:55:00 -0700,0
2019-08-30 03:00:00 -0700,0
2019-08-30 03:05:00 -0700,0
2019-08-30 03:10:00 -0700,0
2019-08-30 03:15:00 -0700,0
2019-08-30 03:20:00 -0700,0
2019-08-30 03:25:00 -0700,0
2019-08-30 03:30:00 -0700,0
2019-08-30 03:35:00 -0700,0
2019-08-30 03:40:00 -0700,0
2019-08-30 03:45:00 -0700,0
2019-08-30 03:50:00 -0700,0
2019-08-30 03:55:00 -0700,0
2019-08-30 04:00:00 -0700,0
2019-08-30 04:05:00 -0700,0
2019-08-30 04:10:00 -0700,0
2019-08-30 04:15:00 -0700,0
2019-08-30 04:20:00 -0700,0
2019-08-30 04:25:00 -0700,0
2019-08-30 04:30:00 -0700,0
2019-08-30 04:35:00 -0700,0
2019-08-30 04:40:00 -0700,0
2019-08-30 04:45:00 -0700,0
2019-08-30 04:50:00 -0700,0
2019-08-30 04:55:00 -0700,0
2019-08-30 05:00:00 -0700,0
2019-08-30 05:05:00 -0700,0
2019-08-30 05:10:00 -0700,0
2019-08-30 05:15:00 -0700,0
2019-08-30 05:20:00 -0700,0
2019-08-30 05:25:00 -0700,0
2019-08-30 05:30:00 -0700,0
2019-08-30 05:35:00 -0700,0
2019-08-30 05:40:00 -0700,0
2019-08-30 05:45:00 -0700,0
2019-08-30 05:50:00 -0700,0
2019-08-30 05:55:00 -0700,0
2019-08-30 06:00:00 -0700,0
2019-08-30 06:05:00 -0700,0
2019-08-30 06:10:00 -0700,0
2019-08-30 06:15:00 -0700,0
2019-08-30 06:20:00 -0700,0
2019-08-30 06:25:00 -0700,0
2019-08-30 06:30:00 -0700,0
2019-08-30 06:35:00 -0700,0
2019-08-30 06:40:00 -0700,0
2019-08-30 06:45:00 -0700,3
2019-08-30 06:50:00 -0700,14
2019-08-30 06:55:00 -0700,14
2019-08-30 07:00:00 -0700,14
2019-08-30 07:05:00 -0700,14
2019-08-30 07:10:00 -0700,14
2019-08-30 07:15:00 -0700,24
2019-08-30 07:20:00 -0700,55
2019-08-30 07:25:00 -0700,55
2019-08-30 07:30:00 -0700,90
2019-08-30 07:35:00 -0700,186
2019-08-30 07:40:00 -0700,186
2019-08-30 07:45:00 -0700,175
2019-08-30 07:50:00 -0700,199
2019-08-30 07:55:00 -0700,199
2019-08-30 08:00:00 -0700,215
2019-08-30 08:05:00 -0700,318
2019-08-30 08:10:00 -0700,318
2019-08-30 08:15:00 -0700,275
2019-08-30 08:20:00 -0700,261
2019-08-30 08:25:00 -0700,261
2019-08-30 08:30:00 -0700,236
2019-08-30 08:35:00 -0700,250
2019-08-30 08:40:00 -0700,250
2019-08-30 08:45:00 -0700,231
2019-08-30 08:50:00 -0700,268
2019-08-30 08:55:00 -0700,268
2019-08-30 09:00:00 -0700,240
2019-08-30 09:05:00 -0700,245
2019-08-30 09:10:00 -0700,245
2019-08-30 09:15:00 -0700,247
2019-08-30 09:20:00 -0700,340
2019-08-30 09:25:00 -0700,340
2019-08-30 09:30:00 -0700,311
2019-08-30 09:35:00 -0700,361
2019-08-30 09:40:00 -0700,361
2019-08-30 09:45:00 -0700,323
2019-08-30 09:50:00 -0700,321
2019-08-30 09:55:00 -0700,321
2019-08-30 10:00:00 -0700,281
2019-08-30 10:05:00 -0700,278
2019-08-30 10:10:00 -0700,278
2019-08-30 10:15:00 -0700,246
2019-08-30 10:20:00 -0700,243
2019-08-30 10:25:00 -0700,243
2019-08-30 10:30:00 -0700,239
2019-08-30 10:35:00 -0700,319
2019-08-30 10:40:00 -0700,319
2019-08-30 10:45:00 -0700,319
2019-08-30 10:50:00 -0700,431
2019-08-30 10:55:00 -0700,431
2019-08-30 11:00:00 -0700,436
2019-08-30 11:05:00 -0700,579
2019-08-30 11:10:00 -0700,579
2019-08-30 11:15:00 -0700,594
2019-08-30 11:20:00 -0700,795
2019-08-30 11:25:00 -0700,795
2019-08-30 11:30:00 -0700,784
2019-08-30 11:35:00 -0700,968
2019-08-30 11:40:00 -0700,968
2019-08-30 11:45:00 -0700,909
2019-08-30 11:50:00 -0700,984
2019-08-30 11:55:00 -0700,984
2019-08-30 12:00:00 -0700,937
2019-08-30 12:05:00 -0700,1076
2019-08-30 12:10:00 -0700,1076
2019-08-30 12:15:00 -0700,1059
2019-08-30 12:20:00 -0700,1242
2019-08-30 12:25:00 -0700,1242
2019-08-30 12:30:00 -0700,1150
2019-08-30 12:35:00 -0700,1172
2019-08-30 12:40:00 -0700,1172
2019-08-30 12:45:00 -0700,1082
2019-08-30 12:50:00 -0700,1103
2019-08-30 12:55:00 -0700,1103
2019-08-30 13:00:00 -0700,1058
2019-08-30 13:05:00 -0700,1202
2019-08-30 13:10:00 -0700,1202
2019-08-30 13:15:00 -0700,1139
2019-08-30 13:20:00 -0700,1252
2019-08-30 13:25:00 -0700,1252
2019-08-30 13:30:00 -0700,1180
2019-08-30 13:35:00 -0700,1308
2019-08-30 13:40:00 -0700,1308
2019-08-30 13:45:00 -0700,1241
2019-08-30 13:50:00 -0700,1397
2019-08-30 13:55:00 -0700,1397
2019-08-30 14:00:00 -0700,1336
2019-08-30 14:05:00 -0700,1662
2019-08-30 14:10:00 -0700,1662
2019-08-30 14:15:00 -0700,1605
2019-08-30 14:20:00 -0700,2016
2019-08-30 14:25:00 -0700,2016
2019-08-30 14:30:00 -0700,1875
2019-08-30 14:35:00 -0700,1988
2019-08-30 14:40:00 -0700,1988
2019-08-30 14:45:00 -0700,1849
2019-08-30 14:50:00 -0700,1929
2019-08-30 14:55:00 -0700,1929
2019-08-30 15:00:00 -0700,1798
2019-08-30 15:05:00 -0700,1943
2019-08-30 15:10:00 -0700,1943
2019-08-30 15:15:00 -0700,1801
2019-08-30 15:20:00 -0700,1881
2019-08-30 15:25:00 -0700,1881
2019-08-30 15:30:00 -0700,1739
2019-08-30 15:35:00 -0700,1784
2019-08-30 15:40:00 -0700,1784
2019-08-30 15:45:00 -0700,1640
2019-08-30 15:50:00 -0700,1682
2019-08-30 15:55:00 -0700,1682
2019-08-30 16:00:00 -0700,1492
2019-08-30 16:05:00 -0700,1586
2019-08-30 16:10:00 -0700,1586
2019-08-30 16:15:00 -0700,1397
2019-08-30 16:20:00 -0700,1458
2019-08-30 16:25:00 -0700,1458
2019-08-30 16:30:00 -0700,1291
2019-08-30 16:35:00 -0700,1319
2019-08-30 16:40:00 -0700,1319
2019-08-30 16:45:00 -0700,1160
2019-08-30 16:50:00 -0700,1179
2019-08-30 16:55:00 -0700,1179
2019-08-30 17:00:00 -0700,1039
2019-08-30 17:05:00 -0700,1030
2019-08-30 17:10:00 -0700,1030
2019-08-30 17:15:00 -0700,916
2019-08-30 17:20:00 -0700,870
2019-08-30 17:25:00 -0700,870
2019-08-30 17:30:00 -0700,772
2019-08-30 17:35:00 -0700,708
2019-08-30 17:40:00 -0700,708
2019-08-30 17:45:00 -0700,620
2019-08-30 17:50:00 -0700,421
2019-08-30 17:55:00 -0700,421
2019-08-30 18:00:00 -0700,360
2019-08-30 18:05:00 -0700,129
2019-08-30 18:10:00 -0700,129
2019-08-30 18:15:00 -0700,112
2019-08-30 18:20:00 -0700,54
2019-08-30 18:25:00 -0700,54
2019-08-30 18:30:00 -0700,47
2019-08-30 18:35:00 -0700,32
2019-08-30 18:40:00 -0700,32
2019-08-30 18:45:00 -0700,28
2019-08-30 18:50:00 -0700,24
2019-08-30 18:55:00 -0700,24
2019-08-30 19:00:00 -0700,21
2019-08-30 19:05:00 -0700,16
2019-08-30 19:10:00 -0700,16
2019-08-30 19:15:00 -0700,14
2019-08-30 19:20:00 -0700,8
2019-08-30 19:25:00 -0700,8
2019-08-30 19:30:00 -0700,7
2019-08-30 19:35:00 -0700,0
2019-08-30 19:40:00 -0700,0
2019-08-30 19:45:00 -0700,0
2019-08-30 19:50:00 -0700,0
2019-08-30 19:55:00 -0700,0
2019-08-30 20:00:00 -0700,0
2019-08-30 20:05:00 -0700,0
2019-08-30 20:10:00 -0700,0
2019-08-30 20:15:00 -0700,0
2019-08-30 20:20:00 -0700,0
2019-08-30 20:25:00 -0700,0
2019-08-30 20:30:00 -0700,0
2019-08-30 20:35:00 -0700,0
2019-08-30 20:40:00 -0700,0
2019-08-30 20:45:00 -0700,0
2019-08-30 20:50:00 -0700,0
2019-08-30 20:55:00 -0700,0
2019-08-30 21:00:00 -0700,0
2019-08-30 21:05:00 -0700,0
2019-08-30 21:10:00 -0700,0
2019-08-30 21:15:00 -0700,0
2019-08-30 21:20:00 -0700,0
2019-08-30 21:25:00 -0700,0
2019-08-30 21:30:00 -0700,0
2019-08-30 21:35:00 -0700,0
2019-08-30 21:40:00 -0700,0
2019-08-30 21:45:00 -0700,0
2019-08-30 21:50:00 -0700,0
2019-08-30 21:55:00 -0700,0
2019-08-30 22:00:00 -0700,0
2019-08-30 22:05:00 -0700,0
2019-08-30 22:10:00 -0700,0
2019-08-30 22:15:00 -0700,0
2019-08-30 22:20:00 -0700,0
2019-08-30 22:25:00 -0700,0
2019-08-30 22:30:00 -0700,0
2019-08-30 22:35:00 -0700,0
2019-08-30 22:40:00 -0700,0
2019-08-30 22:45:00 -0700,0
2019-08-30 22:50:00 -0700,0
2019-08-30 22:55:00 -0700,0
2019-08-30 23:00:00 -0700,0
2019-08-30 23:05:00 -0700,0
2019-08-30 23:10:00 -0700,0
2019-08-30 23:15:00 -0700,0
2019-08-30 23:20:00 -0700,0
2019-08-30 23:25:00 -0700,0
2019-08-30 23:30:00 -0700,0
2019-08-30 23:35:00 -0700,0
2019-08-30 23:40:00 -0700,0
2019-08-30 23:45:00 -0700,0
2019-08-30 23:50:00 -0700,0
2019-08-30 23:55:00 -0700,0
2019-08-31 00:00:00 -0700,0
2019-08-31 00:05:00 -0700,0
2019-08-31 00:10:00 -0700,0
2019-08-31 00:15:00 -0700,0
2019-08-31 00:20:00 -0700,0
2019-08-31 00:25:00 -0700,0
2019-08-31 00:30:00 -0700,0
2019-08-31 00:35:00 -0700,0
2019-08-31 00:40:00 -0700,0
2019-08-31 00:45:00 -0700,0
2019-08-31 00:50:00 -0700,0
2019-08-31 00:55:00 -0700,0
2019-08-31 01:00:00 -0700,0
2019-08-31 01:05:00 -0700,0
2019-08-31 01:10:00 -0700,0
2019-08-31 01:15:00 -0700,0
2019-08-31 01:20:00 -0700,0
2019-08-31 01:25:00 -0700,0
2019-08-31 01:30:00 -0700,0
2019-08-31 01:35:00 -0700,0
2019-08-31 01:40:00 -0700,0
2019-08-31 01:45:00 -0700,0
2019-08-31 01:50:00 -0700,0
2019-08-31 01:55:00 -0700,0
2019-08-31 02:00:00 -0700,0
2019-08-31 02:05:00 -0700,0
2019-08-31 02:10:00 -0700,0
2019-08-31 02:15:00 -0700,0
2019-08-31 02:20:00 -0700,0
2019-08-31 02:25:00 -0700,0
2019-08-31 02:30:00 -0700,0
2019-08-31 02:35:00 -0700,0
2019-08-31 02:40:00 -0700,0
2019-08-31 02:45:00 -0700,0
2019-08-31 02:50:00 -0700,0
2019-08-31 02:55:00 -0700,0
2019-08-31 03:00:00 -0700,0
2019-08-31 03:05:00 -0700,0
2019-08-31 03:10:00 -0700,0
2019-08-31 03:15:00 -0700,0
2019-08-31 03:20:00 -0700,0
2019-08-31 03:25:00 -0700,0
2019-08-31 03:30:00 -0700,0
2019-08-31 03:35:00 -0700,0
2019-08-31 03:40:00 -0700,0
2019-08-31 03:45:00 -0700,0
2019-08-31 03:50:00 -0700,0
2019-08-31 03:55:00 -0700,0
2019-08-31 04:00:00 -0700,0
2019-08-31 04:05:00 -0700,0
2019-08-31 04:10:00 -0700,0
2019-08-31 04:15:00 -0700,0
2019-08-31 04:20:00 -0700,0
2019-08-31 04:25:00 -0700,0
2019-08-31 04:30:00 -0700,0
2019-08-31 04:35:00 -0700,0
2019-08-31 04:40:00 -0700,0
2019-08-31 04:45:00 -0700,0
2019-08-31 04:50:00 -0700,0
2019-08-31 04:55:00 -0700,0
2019-08-31 05:00:00 -0700,0
2019-08-31 05:05:00 -0700,0
2019-08-31 05:10:00 -0700,0
2019-08-31 05:15:00 -0700,0
2019-08-31 05:20:00 -0700,0
2019-08-31 05:25:00 -0700,0
2019-08-31 05:30:00 -0700,0
2019-08-31 05:35:00 -0700,0
2019-08-31 05:40:00 -0700,0
2019-08-31 05:45:00 -0700,0
2019-08-31 05:50:00 -0700,0
2019-08-31 05:55:00 -0700,0
2019-08-31 06:00:00 -0700,0
2019-08-31 06:05:00 -0700,0
2019-08-31 06:10:00 -0700,0
2019-08-31 06:15:00 -0700,0
2019-08-31 06:20:00 -0700,0
2019-08-31 06:25:00 -0700,0
2019-08-31 06:30:00 -0700,0
2019-08-31 06:35:00 -0700,0
2019-08-31 06:40:00 -0700,0
2019-08-31 06:45:00 -0700,1
2019-08-31 06:50:00 -0700,13
2019-08-31 06:55:00 -0700,21
2019-08-31 07:00:00 -0700,21
2019-08-31 07:05:00 -0700,21
2019-08-31 07:10:00 -0700,21
2019-08-31 07:15:00 -0700,21
2019-08-31 07:20:00 -0700,63
2019-08-31 07:25:00 -0700,77
2019-08-31 07:30:00 -0700,77
2019-08-31 07:35:00 -0700,143
2019-08-31 07:40:00 -0700,166
2019-08-31 07:45:00 -0700,166
2019-08-31 07:50:00 -0700,129
2019-08-31 07:55:00 -0700,137
2019-08-31 08:00:00 -0700,137
2019-08-31 08:05:00 -0700,193
2019-08-31 08:10:00 -0700,223
2019-08-31 08:15:00 -0700,223
2019-08-31 08:20:00 -0700,204
2019-08-31 08:25:00 -0700,224
2019-08-31 08:30:00 -0700,224
2019-08-31 08:35:00 -0700,184
2019-08-31 08:40:00 -0700,198
2019-08-31 08:45:00 -0700,198
2019-08-31 08:50:00 -0700,200
2019-08-31 08:55:00 -0700,222
2019-08-31 09:00:00 -0700,222
2019-08-31 09:05:00 -0700,189
2019-08-31 09:10:00 -0700,202
2019-08-31 09:15:00 -0700,202
2019-08-31 09:20:00 -0700,276
2019-08-31 09:25:00 -0700,324
2019-08-31 09:30:00 -0700,324
2019-08-31 09:35:00 -0700,297
2019-08-31 09:40:00 -0700,328
2019-08-31 09:45:00 -0700,328
2019-08-31 09:50:00 -0700,276
2019-08-31 09:55:00 -0700,294
2019-08-31 10:00:00 -0700,294
2019-08-31 10:05:00 -0700,233
2019-08-31 10:10:00 -0700,245
2019-08-31 10:15:00 -0700,245
2019-08-31 10:20:00 -0700,204
2019-08-31 10:25:00 -0700,214
2019-08-31 10:30:00 -0700,214
2019-08-31 10:35:00 -0700,245
2019-08-31 10:40:00 -0700,280
2019-08-31 10:45:00 -0700,280
2019-08-31 10:50:00 -0700,349
2019-08-31 10:55:00 -0700,406
2019-08-31 11:00:00 -0700,406
2019-08-31 11:05:00 -0700,479
2019-08-31 11:10:00 -0700,547
2019-08-31 11:15:00 -0700,547
2019-08-31 11:20:00 -0700,667
2019-08-31 11:25:00 -0700,755
2019-08-31 11:30:00 -0700,755
2019-08-31 11:35:00 -0700,842
2019-08-31 11:40:00 -0700,929
2019-08-31 11:45:00 -0700,929
2019-08-31 11:50:00 -0700,874
2019-08-31 11:55:00 -0700,929
2019-08-31 12:00:00 -0700,929
2019-08-31 12:05:00 -0700,975
2019-08-31 12:10:00 -0700,1077
2019-08-31 12:15:00 -0700,1077
2019-08-31 12:20:00 -0700,1110
2019-08-31 12:25:00 -0700,1204
2019-08-31 12:30:00 -0700,1204
2019-08-31 12:35:00 -0700,1038
2019-08-31 12:40:00 -0700,1078
2019-08-31 12:45:00 -0700,1078
2019-08-31 12:50:00 -0700,1001
2019-08-31 12:55:00 -0700,1066
2019-08-31 13:00:00 -0700,1066
2019-08-31 13:05:00 -0700,1087
2019-08-31 13:10:00 -0700,1194
2019-08-31 13:15:00 -0700,1194
2019-08-31 13:20:00 -0700,1129
2019-08-31 13:25:00 -0700,1216
2019-08-31 13:30:00 -0700,1216
2019-08-31 13:35:00 -0700,1161
2019-08-31 13:40:00 -0700,1256
2019-08-31 13:45:00 -0700,1256
2019-08-31 13:50:00 -0700,1218
2019-08-31 13:55:00 -0700,1336
2019-08-31 14:00:00 -0700,1336
2019-08-31 14:05:00 -0700,1419
2019-08-31 14:10:00 -0700,1610
2019-08-31 14:15:00 -0700,1610
2019-08-31 14:20:00 -0700,1699
2019-08-31 14:25:00 -0700,1879
2019-08-31 14:30:00 -0700,1879
2019-08-31 14:35:00 -0700,1777
2019-08-31 14:40:00 -0700,1889
2019-08-31 14:45:00 -0700,1889
2019-08-31 14:50:00 -0700,1732
2019-08-31 14:55:00 -0700,1824
2019-08-31 15:00:00 -0700,1824
2019-08-31 15:05:00 -0700,1716
2019-08-31 15:10:00 -0700,1840
2019-08-31 15:15:00 -0700,1840
2019-08-31 15:20:00 -0700,1697
2019-08-31 15:25:00 -0700,1784
2019-08-31 15:30:00 -0700,1784
2019-08-31 15:35:00 -0700,1624
2019-08-31 15:40:00 -0700,1687
2019-08-31 15:45:00 -0700,1687
2019-08-31 15:50:00 -0700,1477
2019-08-31 15:55:00 -0700,1614
2019-08-31 16:00:00 -0700,1614
2019-08-31 16:05:00 -0700,1372
2019-08-31 16:10:00 -0700,1512
2019-08-31 16:15:00 -0700,1512
2019-08-31 16:20:00 -0700,1276
2019-08-31 16:25:00 -0700,1385
2019-08-31 16:30:00 -0700,1385
2019-08-31 16:35:00 -0700,1159
2019-08-31 16:40:00 -0700,1256
2019-08-31 16:45:00 -0700,1256
2019-08-31 16:50:00 -0700,1030
2019-08-31 16:55:00 -0700,1108
2019-08-31 17:00:00 -0700,1108
2019-08-31 17:05:00 -0700,897
2019-08-31 17:10:00 -0700,956
2019-08-31 17:15:00 -0700,956
2019-08-31 17:20:00 -0700,764
2019-08-31 17:25:00 -0700,801
2019-08-31 17:30:00 -0700,801
2019-08-31 17:35:00 -0700,623
2019-08-31 17:40:00 -0700,642
2019-08-31 17:45:00 -0700,642
2019-08-31 17:50:00 -0700,401
2019-08-31 17:55:00 -0700,330
2019-08-31 18:00:00 -0700,330
2019-08-31 18:05:00 -0700,170
2019-08-31 18:10:00 -0700,106
2019-08-31 18:15:00 -0700,106
2019-08-31 18:20:00 -0700,62
2019-08-31 18:25:00 -0700,47
2019-08-31 18:30:00 -0700,47
2019-08-31 18:35:00 -0700,33
2019-08-31 18:40:00 -0700,30
2019-08-31 18:45:00 -0700,30
2019-08-31 18:50:00 -0700,23
2019-08-31 18:55:00 -0700,23
2019-08-31 19:00:00 -0700,23
2019-08-31 19:05:00 -0700,16
2019-08-31 19:10:00 -0700,15
2019-08-31 19:15:00 -0700,15
2019-08-31 19:20:00 -0700,8
2019-08-31 19:25:00 -0700,5
2019-08-31 19:30:00 -0700,5
2019-08-31 19:35:00 -0700,2
2019-08-31 19:40:00 -0700,0
2019-08-31 19:45:00 -0700,0
2019-08-31 19:50:00 -0700,0
2019-08-31 19:55:00 -0700,0
2019-08-31 20:00:00 -0700,0
2019-08-31 20:05:00 -0700,0
2019-08-31 20:10:00 -0700,0
2019-08-31 20:15:00 -0700,0
2019-08-31 20:20:00 -0700,0
2019-08-31 20:25:00 -0700,0
2019-08-31 20:30:00 -0700,0
2019-08-31 20:35:00 -0700,0
2019-08-31 20:40:00 -0700,0
2019-08-31 20:45:00 -0700,0
2019-08-31 20:50:00 -0700,0
2019-08-31 20:55:00 -0700,0
2019-08-31 21:00:00 -0700,0
2019-08-31 21:05:00 -0700,0
2019-08-31 21:10:00 -0700,0
2019-08-31 21:15:00 -0700,0
2019-08-31 21:20:00 -0700,0
2019-08-31 21:25:00 -0700,0
2019-08-31 21:30:00 -0700,0
2019-08-31 21:35:00 -0700,0
2019-08-31 21:40:00 -0700,0
2019-08-31 21:45:00 -0700,0
2019-08-31 21:50:00 -0700,0
2019-08-31 21:55:00 -0700,0
2019-08-31 22:00:00 -0700,0
2019-08-31 22:05:00 -0700,0
2019-08-31 22:10:00 -0700,0
2019-08-31 22:15:00 -0700,0
2019-08-31 22:20:00 -0700,0
2019-08-31 22:25:00 -0700,0
2019-08-31 22:30:00 -0700,0
2019-08-31 22:35:00 -0700,0
2019-08-31 22:40:00 -0700,0
2019-08-31 22:45:00 -0700,0
2019-08-31 22:50:00 -0700,0
2019-08-31 22:55:00 -0700,0
2019-08-31 23:00:00 -0700,0
2019-08-31 23:05:00 -0700,0
2019-08-31 23:10:00 -0700,0
2019-08-31 23:15:00 -0700,0
2019-08-31 23:20:00 -0700,0
2019-08-31 23:25:00 -0700,0
2019-08-31 23:30:00 -0700,0
2019-08-31 23:35:00 -0700,0
2019-08-31 23:40:00 -0700,0
2019-08-31 23:45:00 -0700,0
2019-08-31 23:50:00 -0700,0
2019-08-31 23:55:00 -0700,0
2019-09-01 00:00:00 -0700,0
